Infinitivo,Xerundio,Participio
Ser,Sendo,Sido
Ter,Tendo,Tido
Estar,Estando,Estado 
Facer,Facendo,Feito
Poder,Podendo,Podido 
Haber,Habendo,Habido
Ir,Indo,Ido
Dicir,Dicindo,Dito
Dar,Dando,Dado
Ver,Vendo,Visto
Saber,Sabendo,Sabido
Querer,Querendo,Querido 
Chegar,Chegando,Chegado
Levar,Levando,Levado
Pasar,Pasando,Pasado
Deber,Debendo,Debido
Deixar,Deixando,Deixado
Falar,Falando,Falado
Seguir,Seguindo,Seguido
Vir,Vindo,Vido
Pensar,Pensando,Pensado
Poñer,Poñendo,Posto
Quedar,Quedando,Quedado
Parecer,Parecendo,Parecido
Saír,Saíndo,Saído
Volver,Volvendo,Volvido / Volto
Contar,Contando,Contado
Atopar,Atopando,Atopado
Coñecer,Coñecendo,Coñecido
Sentir,Sentindo,Sentido
Chamar,Chamando,Chamado
Mirar,Mirando,Mirado
Vivir,Vivindo,Vivido
Presentar,Presentando,Presentado
Tratar,Tratando,Tratado
Entrar,Entrando,Entrado
Crer,Crendo,Crido
Comezar,Comezando,Comezado
Abrir,Abrindo,Aberto
Acabar,Acabando,Acabado
Realizar,Realizando,Realizado
Tomar,Tomando,Tomado
Permitir,Permitindo,Permitido
Perder,Perdendo,Perdido
Explicar,Explicando,Explicado
Manter,Mantendo,Mantido
Botar,Botando,Botado
Considerar,Considerando,Considerado
Pedir,Pedindo,Pedido
Existir,Existindo,Existido
Traballar,Traballando,Traballado
Entender,Entendendo,Entendido
Producir,Producindo,Producido
Preguntar,Preguntando,Preguntado
Aparecer,Aparecendo,Aparecido
Buscar,Buscando,Buscado
Andar,Andando,Andado
Conseguir,Conseguindo,Conseguido
Escoitar,Escoitando,Escoitado
Lembrar,Lembrando,Lembrado
Cumprir,Cumprindo,Cumprido
Achegar,Achegando,Achegado
Coller,Collendo,Collido / Colleito
Resultar,Resultando,Resultado
Escribir,Escribindo,Escribido / Escrito
Recibir,Recibindo,Recibido
Sinalar,Sinalando,Sinalado
Caer,Caendo,Caido
Converter,Convertendo,Convertido / Converso
Asegurar,Asegurando,Asegurado
Morrer,Morrendo,Morto
Formar,Formando,Formado
Decidir,Decidindo,Decidido
Supoñer,Supoñendo,Suposto
Rematar,Rematando,Rematado
Gustar,Gustando,Gustado
Ofrecer,Ofrecendo,Ofrecido
Ler,Lendo,Lido
Meter,Metendo,Metido
Dirixir,Dirixindo,Dirixido
Crear,Creando,Creado
Agardar,Agardando,Agardado
Servir,Servindo,Servido
Afirmar,Afirmando,Afirmado
Recoller,Recollendo,Recollido / Recolleito
Recoñecer,Recoñecendo,Recoñecido
Esperar,Esperando,Esperado
Situar,Situando,Situado
Empezar,Empezando,Empezado
Sentar,Sentando,Sentado
Nacer,Nacendo,Nacido / Nado
Indicar,Indicando,Indicado
Utilizar,Utilizando,Utilizado
Marchar,Marchando,Marchado
Celebrar,Celebrando,Celebrado
Incluír,Incluíndo,Incluído
Desenvolver,Desenvolvendo,Desenvolvido / Desenvolto
Pagar,Pagando,Pagado / Pago
Baixar,Baixando,Baixado
Dispoñer,Dispoñendo,Disposto
Traer,Traendo,Traído 
Responder,Respondendo,Respondido
Participar,Participando,Participado
Sacar,Sacando,Sacado
Continuar,Continuando,Continuado
Engadir,Engadindo,Engadido
Publicar,Publicando,Publicado
Xogar,Xogando,Xogado
Cambiar,Cambiando,Cambiado
Evitar,Evitando,Evitado
Axudar,Axudando,Axudado
Amosar,Amosando,Amosado
Esquecer,Esquecendo,Esquecido
Comer,Comendo,Comido / Comesto
Tirar,Tirando,Tirado
Subir,Subindo,Subido
Gañar,Gañando,Gañado
Destacar,Destacando,Destacado
Tocar,Tocando,Tocado
Mover,Movendo,Movido
Pretender,Pretendendo,Pretendido
Correr,Correndo,Corrido
Ficar,Ficando,Ficado
Representar,Representando,Representado
Acompañar,Acompañando,Acompañado
Ocupar,Ocupando,Ocupado
Precisar,Precisando,Precisado
Erguer,Erguendo,Erguido / Ergueito
Semellar,Semellando,Semellado
Ollar,Ollando,Ollado
Defender,Defendendo,Defendido
Referir,Referindo,Referido
Informar,Informando,Informado
Recordar,Recordando,Recordado
Pechar,Pechando,Pechado
Establecer,Establecendo,Establecido
Obter,Obtendo,Obtido
Descubrir,Descubrindo,Descuberto
Anunciar,Anunciando,Anunciado
Provocar,Provocando,Provocado
Sufrir,Sufrindo,Sufrido
Tentar,Tentando,Tentado
Observar,Observando,Observado
Empregar,Empregando,Empregado
Dedicar,Dedicando,Dedicado
Ocorrer,Ocorrendo,Ocorrido
Intentar,Intentando,Intentado
Matar,Matando,Matado
Mandar,Mandando,Mandado
Encontrar,Encontrando,Encontrado
Decatar,Decatando,Decatado
Durmir,Durmindo,Durmido
Acadar,Acadando,Acadado
Mostrar,Mostrando,Mostrado
Comprender,Comprendendo,Comprendido
Preparar,Preparando,Preparado
Lograr,Logrando,Logrado
Gardar,Gardando,Gardado
Deter,Detendo,Detido
Necesitar,Necesitando,Necesitado
Apuntar,Apuntando,Apuntado
Faltar,Faltando,Faltado
Aceptar,Aceptando,Aceptado
Aproveitar,Aproveitando,Aproveitado
Afectar,Afectando,Afectado
Constituír,Constituíndo,Constituído
Superar,Superando,Superado
Coidar,Coidando,Coidado
Parar,Parando,Parado
Repetir,Repetindo,Repetido
Actuar,Actuando,Actuado
Reducir,Reducindo,Reducido
Desaparecer,Desaparecendo,Desaparecido
Aprender,Aprendendo,Aprendido / Apreso
Prever,Prevendo,Previsto
Usar,Usando,Usado
Oír,Oíndo,Oído
Apoiar,Apoiando,Apoiado
Negar,Negando,Negado
Relacionar,Relacionando,Relacionado
Suceder,Sucedendo,Sucedido
Organizar,Organizando,Organizado
Marcar,Marcando,Marcado
Construír,Construíndo,Construído
Recuperar,Recuperando,Recuperado
Rir,Rindo,Rido
Comentar,Comentando,Comentado
Demostrar,Demostrando,Demostrado
Vender,Vendendo,Vendido
Obrigar,Obrigando,Obrigado
Aumentar,Aumentando,Aumentado
Abandonar,Abandonando,Abandonado
Manifestar,Manifestando,Manifestado
Compartir,Compartindo,Compartido
Fuxir,Fuxindo,Fuxido
Iniciar,Iniciando,Iniciado
Xurdir,Xurdindo,Xurdido
Acudir,Acudindo,Acudido
Acontecer,Acontecendo,Acontecido
Pór,Pondo,Posto
Imaxinar,Imaxinando,Imaxinado
Berrar,Berrando,Berrado
Comprobar,Comprobando,Comprobado
Atender,Atendendo,Atendido
Propoñer,Propoñendo,Proposto
Analizar,Analizando,Analizado
Permanecer,Permanecendo,Permanecido
Cubrir,Cubrindo,Cuberto
Camiñar,Camiñando,Camiñado
Insistir,Insistindo,Insistido
Beber,Bebendo,Bebido
Alcanzar,Alcanzando,Alcanzado
Encher,Enchendo,Enchido
Colocar,Colocando,Colocado
Procurar,Procurando,Procurado
Aprobar,Aprobando,Aprobado
Notar,Notando,Notado
Aplicar,Aplicando,Aplicado
Corresponder,Correspondendo,Correspondido
Medrar,Medrando,Medrado
Acordar,Acordando,Acordado
Valer,Valendo,Valido
Interesar,Interesando,Interesado
Levantar,Levantando,Levantado
Preocupar,Preocupando,Preocupado
Definir,Definindo,Definido
Importar,Importando,Importado
Xerar,Xerando,Xerado
Confirmar,Confirmando,Confirmado
Visitar,Visitando,Visitado
Desexar,Desexando,Desexado
Mellorar,Mellorando,Mellorado
Significar,Significando,Significado
Entregar,Entregando,Entregado
Impedir,Impedindo,Impedido
Denunciar,Denunciando,Denunciado
Cantar,Cantando,Cantado
Declarar,Declarando,Declarado
Expresar,Expresando,Expresado
Esixir,Esixindo,Esixido
Convencer,Convencendo,Convencido
Asumir,Asumindo,Asumido
Unir,Unindo,Unido
Depender,Dependendo,Dependido
Rexistrar,Rexistrando,Rexistrado
Basear,Baseando,Baseado
Fixar,Fixando,Fixado / Fixo
Coincidir,Coincidindo,Coincidido
Funcionar,Funcionando,Funcionado
Elixir,Elixindo,Elixido / Electo
Vestir,Vestindo,Vestido
Chorar,Chorando,Chorado
Sorrir,Sorrindo,Sorrido
Reunir,Reunindo,Reunido
Preferir,Preferindo,Preferido
Advertir,Advertindo,Advertido
Avanzar,Avanzando,Avanzado
Contestar,Contestando,Contestado
Calar,Calando,Calado
Soar,Soando,Soado
Mercar,Mercando,Mercado
Adoitar,Adoitando,Adoitado
Solicitar,Solicitando,Solicitado
Contemplar,Contemplando,Contemplado
Deitar,Deitando,Deitado
Gozar,Gozando,Gozado
Reclamar,Reclamando,Reclamado
Integrar,Integrando,Integrado
Cruzar,Cruzando,Cruzado
Percorrer,Percorrendo,Percorrido
Asistir,Asistindo,Asistido
Resolver,Resolvendo,Resolvido / Resolto
Destinar,Destinando,Destinado
Romper,Rompendo,Rompido / Roto
Elaborar,Elaborando,Elaborado
Sumar,Sumando,Sumado
Identificar,Identificando,Identificado
Garantir,Garantindo,Garantido
Asinar,Asinando,Asinado
Conter,Contendo,Contido
Introducir,Introducindo,Introducido
Facilitar,Facilitando,Facilitado
Quitar,Quitando,Quitado
Decer,Decendo,Decido
Conducir,Conducindo,Conducido
Enviar,Enviando,Enviado
Acusar,Acusando,Acusado
Partir,Partindo,Partido
Centrar,Centrando,Centrado
Posuír,Posuíndo,Posuído / Poseso
Determinar,Determinando,Determinado
Causar,Causando,Causado
Tardar,Tardando,Tardado
Rexeitar,Rexeitando,Rexeitado
Lanzar,Lanzando,Lanzado
Exercer,Exercendo,Exercido
Regresar,Regresando,Regresado
Incorporar,Incorporando,Incorporado
Encargar,Encargando,Encargado
Sorprender,Sorprendendo,Sorprendido
Conservar,Conservando,Conservado
Impoñer,Impoñendo,Imposto
Adquirir,Adquirindo,Adquirido
Cortar,Cortando,Cortado
Consistir,Consistindo,Consistido
Contribuír,Contribuíndo,Contribuído
Viaxar,Viaxando,Viaxado
Proceder,Procedendo,Procedido
Concluír,Concluíndo,Concluído
Virar,Virando,Virado
Escoller,Escollendo,Escollido / Escolleito
Controlar,Controlando,Controlado
Loitar,Loitando,Loitado
Bater,Batendo,Batido
Acoller,Acollendo,Acollido / Acolleito
Prestar,Prestando,Prestado
Implicar,Implicando,Implicado
Casar,Casando,Casado
Mudar,Mudando,Mudado
Pertencer,Pertencendo,Pertencido
Retirar,Retirando,Retirado
Salvar,Salvando,Salvado / Salvo
Adoptar,Adoptando,Adoptado
Estudar,Estudando,Estudado
Convocar,Convocando,Convocado
Subliñar,Subliñando,Subliñado
Espertar,Espertando,Espertado / Esperto
Instalar,Instalando,Instalado
Custar,Custando,Custado
Estender,Estendendo,Estendido
Someter,Sometendo,Sometido
Promover,Promovendo,Promovido
Interpretar,Interpretando,Interpretado
Trasladar,Trasladando,Trasladado
Atravesar,Atravesando,Atravesado
Rodear,Rodeando,Rodeado
Conceder,Concedendo,Concedido
Limitar,Limitando,Limitado
Caber,Cabendo,Cabido
Merecer,Merecendo,Merecido
Dubidar,Dubidando,Dubidado
Soster,Sostendo,Sostido
Separar,Separando,Separado
Protexer,Protexendo,Protexido
Prender,Prendendo,Prendido / Preso
Cobrar,Cobrando,Cobrado
Estudiar,Estudiando,Estudiado
Expoñer,Expoñendo,Exposto
Percibir,Percibindo,Percibido
Admitir,Admitindo,Admitido
Derivar,Derivando,Derivado
Soñar,Soñando,Soñado
Montar,Montando,Montado
Xustificar,Xustificando,Xustificado
Citar,Citando,Citado
Emitir,Emitindo,Emitido
Comunicar,Comunicando,Comunicado
Enfrontar,Enfrontando,Enfrontado
Compoñer,Compoñendo,Composto
Reflectir,Reflectindo,Reflectido
Respectar,Respectando,Respectado
Valorar,Valorando,Valorado
Afastar,Afastando,Afastado
Figurar,Figurando,Figurado
Intervir,Intervindo,Intervido
Criticar,Criticando,Criticado
Roubar,Roubando,Roubado
Acceder,Accedendo,Accedido
Transmitir,Transmitindo,Transmitido
Voltar,Voltando,Voltado
Distinguir,Distinguindo,Distinguido
Durar,Durando,Durado
Probar,Probando,Probado
Escapar,Escapando,Escapado
Despedir,Despedindo,Despedido
Atrever,Atrevendo,Atrevido
Confiar,Confiando,Confiado
Amar,Amando,Amado
Apostar,Apostando,Apostado
Tender,Tendendo,Tendido
Devolver,Devolvendo,Devolvido / Devolto
Pousar,Pousando,Pousado
Xuntar,Xuntando,Xuntado
Deseñar,Deseñando,Deseñado
Cargar,Cargando,Cargado
Completar,Completando,Completado
Incrementar,Incrementando,Incrementado
Transformar,Transformando,Transformado
Confesar,Confesando,Confesado
Gobernar,Gobernando,Gobernado
Salientar,Salientando,Salientado
Avisar,Avisando,Avisado
Colaborar,Colaborando,Colaborado
Favorecer,Favorecendo,Favorecido
Prometer,Prometendo,Prometido
Pegar,Pegando,Pegado
Revelar,Revelando,Revelado
Ordenar,Ordenando,Ordenado
Consumir,Consumindo,Consumido
Convir,Convindo,Convido
Pintar,Pintando,Pintado
Ensinar,Ensinando,Ensinado
Describir,Describindo,Describido / Descrito
Agradecer,Agradecendo,Agradecido
Adaptar,Adaptando,Adaptado
Pasear,Paseando,Paseado
Cualificar,Cualificando,Cualificado
Comprar,Comprando,Comprado
Detectar,Detectando,Detectado
Reparar,Reparando,Reparado
Saltar,Saltando,Saltado
Presidir,Presidindo,Presidido
Impulsar,Impulsando,Impulsado
Temer,Temendo,Temido
Substituír,Substituíndo,Substituído
Supor,Supondo,Suposto
Adiantar,Adiantando,Adiantado
Condenar,Condenando,Condenado
Animar,Animando,Animado
Medir,Medindo,Medido
Investigar,Investigando,Investigado
Pronunciar,Pronunciando,Pronunciado
Cometer,Cometendo,Cometido
Eliminar,Eliminando,Eliminado
Limpar,Limpando,Limpado / Limpo
Aclarar,Aclarando,Aclarado
Concentrar,Concentrando,Concentrado
Conformar,Conformando,Conformado
Mesturar,Mesturando,Mesturado
Optar,Optando,Optado
Abordar,Abordando,Abordado
Desfacer,Desfacendo,Desfeito
Bailar,Bailando,Bailado
Dominar,Dominando,Dominado
Arrastrar,Arrastrando,Arrastrado
Experimentar,Experimentando,Experimentado
Achar,Achando,Achado
Votar,Votando,Votado
Caracterizar,Caracterizando,Caracterizado
Ocultar,Ocultando,Ocultado
Formular,Formulando,Formulado
Padecer,Padecendo,Padecido
Perdoar,Perdoando,Perdoado
Repartir,Repartindo,Repartido
Proporcionar,Proporcionando,Proporcionado
Agochar,Agochando,Agochado
Requirir,Requirindo,Requirido
Voar,Voando,Voado
Resistir,Resistindo,Resistido
Nomear,Nomeando,Nomeado
Vencer,Vencendo,Vencido
Comprometer,Comprometendo,Comprometido
Ameazar,Ameazando,Ameazado
Soltar,Soltando,Soltado / Solto
Gastar,Gastando,Gastado
Saudar,Saudando,Saudado
Practicar,Practicando,Practicado
Envolver,Envolvendo,Envolvido / Envolto
Recomendar,Recomendando,Recomendado
Calcular,Calculando,Calculado
Perseguir,Perseguindo,Perseguido
Arrincar,Arrincando,Arrincado
Respirar,Respirando,Respirado
Localizar,Localizando,Localizado
Dotar,Dotando,Dotado
Ampliar,Ampliando,Ampliado
Gravar,Gravando,Gravado
Ignorar,Ignorando,Ignorado
Convidar,Convidando,Convidado
Traducir,Traducindo,Traducido
Reforzar,Reforzando,Reforzado
Carecer,Carecendo,Carecido
Descansar,Descansando,Descansado
Alimentar,Alimentando,Alimentado
Modificar,Modificando,Modificado
Apreciar,Apreciando,Apreciado
Consultar,Consultando,Consultado
Disparar,Disparando,Disparado
Editar,Editando,Editado
Fumar,Fumando,Fumado
Atacar,Atacando,Atacado
Afacer,Afacendo,Afeito
Conectar,Conectando,Conectado
Chover,Chovendo,Chovido
Prohibir,Prohibindo,Prohibido
Abondar,Abondando,Abondado
Interromper,Interrompendo,Interrompido
Comparar,Comparando,Comparado
Liberar,Liberando,Liberado
Terminar,Terminando,Terminado
Queimar,Queimando,Queimado
Recorrer,Recorrendo,Recorrido
Doer,Doendo,Doido
Discutir,Discutindo,Discutido
Ceder,Cedendo,Cedido
Colgar,Colgando,Colgado
Bicar,Bicando,Bicado
Apagar,Apagando,Apagado
Atribuír,Atribuíndo,Atribuído
Xirar,Xirando,Xirado
Debuxar,Debuxando,Debuxado
Afrontar,Afrontando,Afrontado
Soportar,Soportando,Soportado
Desprazar,Desprazando,Desprazado
Crecer,Crecendo,Crecido
Acender,Acendendo,Acendido / Aceso
Espallar,Espallando,Espallado
Inventar,Inventando,Inventado
Agarrar,Agarrando,Agarrado
Outorgar,Outorgando,Outorgado
Asomar,Asomando,Asomado
Vincular,Vinculando,Vinculado
Sospeitar,Sospeitando,Sospeitado
Xulgar,Xulgando,Xulgado
Dividir,Dividindo,Dividido
Denominar,Denominando,Denominado
Investir,Investindo,Investido
Adicar,Adicando,Adicado
Influír,Influíndo,Influído
Habitar,Habitando,Habitado
Renunciar,Renunciando,Renunciado
Demandar,Demandando,Demandado
Tapar,Tapando,Tapado
Sobrevivir,Sobrevivindo,Sobrevivido
Apertar,Apertando,Apertado
Aturar,Aturando,Aturado
Petar,Petando,Petado
Confundir,Confundindo,Confundido
Proxectar,Proxectando,Proxectado
Estimar,Estimando,Estimado
Agachar,Agachando,Agachado
Atraer,Atraendo,Atraido
Remitir,Remitindo,Remitido
Estrear,Estreando,Estreado
Dispor,Dispondo,Disposto
Ascender,Ascendendo,Ascendido
Asociar,Asociando,Asociado
Elevar,Elevando,Elevado
Inaugurar,Inaugurando,Inaugurado
Enganar,Enganando,Enganado
Molestar,Molestando,Molestado
Regular,Regulando,Regulado
Pesar,Pesando,Pesado
Incidir,Incidindo,Incidido
Opinar,Opinando,Opinado
Manexar,Manexando,Manexado
Fomentar,Fomentando,Fomentado
Invitar,Invitando,Invitado
Fundar,Fundando,Fundado
Diminuír,Diminuíndo,Diminuído
Operar,Operando,Operado
Lamentar,Lamentando,Lamentado
Asasinar,Asasinando,Asasinado
Arranxar,Arranxando,Arranxado
Criar,Criando,Criado
Descoñecer,Descoñecendo,Descoñecido
Namorar,Namorando,Namorado
Destruír,Destruíndo,Destruído
Cheirar,Cheirando,Cheirado
Guiar,Guiando,Guiado
Lavar,Lavando,Lavado
Xestionar,Xestionando,Xestionado
Efectuar,Efectuando,Efectuado
Orientar,Orientando,Orientado
Apartar,Apartando,Apartado
Ouvir,Ouvindo,Ouvido
Reaccionar,Reaccionando,Reaccionado
Vixiar,Vixiando,Vixiado
Afundir,Afundindo,Afundido
Atar,Atando,Atado
Constatar,Constatando,Constatado
Financiar,Financiando,Financiado
Tornar,Tornando,Tornado
Abrazar,Abrazando,Abrazado
Constar,Constando,Constado
Negociar,Negociando,Negociado
Enterrar,Enterrando,Enterrado
Estrañar,Estrañando,Estrañado
Pendurar,Pendurando,Pendurado
Protagonizar,Protagonizando,Protagonizado
Aguantar,Aguantando,Aguantado
Armar,Armando,Armado
Ingresar,Ingresando,Ingresado
Ligar,Ligando,Ligado
Librar,Librando,Librado
Revisar,Revisando,Revisado
Asentir,Asentindo,Asentido
Reproducir,Reproducindo,Reproducido
Seleccionar,Seleccionando,Seleccionado
Suxerir,Suxerindo,Suxerido
Distribuír,Distribuíndo,Distribuído
Curar,Curando,Curado
Remexer,Remexendo,Remexido
Contratar,Contratando,Contratado
Variar,Variando,Variado
Executar,Executando,Executado
Mentir,Mentindo,Mentido
Reflexionar,Reflexionando,Reflexionado
Combater,Combatendo,Combatido
Consolidar,Consolidando,Consolidado
Resumir,Resumindo,Resumido
Residir,Residindo,Residido
Cear,Ceando,Ceado
Fallar,Fallando,Fallado
Afogar,Afogando,Afogado
Beneficiar,Beneficiando,Beneficiado
Rezar,Rezando,Rezado
Fabricar,Fabricando,Fabricado
Pisar,Pisando,Pisado
Falecer,Falecendo,Falecido
Rachar,Rachando,Rachado
Arder,Ardendo,Ardido
Asustar,Asustando,Asustado
Circular,Circulando,Circulado
Adiviñar,Adiviñando,Adiviñado
Titular,Titulando,Titulado
Frear,Freando,Freado
Competir,Competindo,Competido
Asentar,Asentando,Asentado
Solucionar,Solucionando,Solucionado
Xurar,Xurando,Xurado
Protestar,Protestando,Protestado
Mencionar,Mencionando,Mencionado
Inspirar,Inspirando,Inspirado
Penetrar,Penetrando,Penetrado
Mergullar,Mergullando,Mergullado
Fitar,Fitando,Fitado
Transcorrer,Transcorrendo,Transcorrido
Suspender,Suspendendo,Suspendido / Suspenso
Relatar,Relatando,Relatado
Aspirar,Aspirando,Aspirado
Desprender,Desprendendo,Desprendido
Regalar,Regalando,Regalado
Albiscar,Albiscando,Albiscado
Navegar,Navegando,Navegado
Queixar,Queixando,Queixado
Pescar,Pescando,Pescado
Difundir,Difundindo,Difundido
Potenciar,Potenciando,Potenciado
Reivindicar,Reivindicando,Reivindicado
Cuestionar,Cuestionando,Cuestionado
Liderar,Liderando,Liderado
Emprender,Emprendendo,Emprendido
Descender,Descendendo,Descendido
Aconsellar,Aconsellando,Aconsellado
Render,Rendendo,Rendido
Derrubar,Derrubando,Derrubado
Combinar,Combinando,Combinado
Impartir,Impartindo,Impartido
Aportar,Aportando,Aportado
Comportar,Comportando,Comportado
Debater,Debatendo,Debatido
Comenzar,Comenzando,Comenzado
Avaliar,Avaliando,Avaliado
Aforrar,Aforrando,Aforrado
Condicionar,Condicionando,Condicionado
Foder,Fodendo,Fodido
Disimular,Disimulando,Disimulado
Iluminar,Iluminando,Iluminado
Descartar,Descartando,Descartado
Desculpar,Desculpando,Desculpado
Finalizar,Finalizando,Finalizado
Acostumar,Acostumando,Acostumado
Premiar,Premiando,Premiado
Cadrar,Cadrando,Cadrado
Tremer,Tremendo,Tremido
Restar,Restando,Restado
Suxeitar,Suxeitando,Suxeitado / Suxeito
Concibir,Concibindo,Concibido
Cravar,Cravando,Cravado
Forzar,Forzando,Forzado
Exclamar,Exclamando,Exclamado
Pillar,Pillando,Pillado
Anotar,Anotando,Anotado
Encamiñar,Encamiñando,Encamiñado
Intuír,Intuíndo,Intuído
Invadir,Invadindo,Invadido
Multiplicar,Multiplicando,Multiplicado
Obedecer,Obedecendo,Obedecido
Orixinar,Orixinando,Orixinado
Depositar,Depositando,Depositado
Argumentar,Argumentando,Argumentado
Proclamar,Proclamando,Proclamado
Proseguir,Proseguindo,Proseguido
Reiterar,Reiterando,Reiterado
Admirar,Admirando,Admirado
Acumular,Acumulando,Acumulado
Encabezar,Encabezando,Encabezado
Diferenciar,Diferenciando,Diferenciado
Retomar,Retomando,Retomado
Aproximar,Aproximando,Aproximado
Concretar,Concretando,Concretado
Agregar,Agregando,Agregado
Axustar,Axustando,Axustado
Acariñar,Acariñando,Acariñado
Brillar,Brillando,Brillado
Autorizar,Autorizando,Autorizado
Expulsar,Expulsando,Expulsado
Retornar,Retornando,Retornado
Imitar,Imitando,Imitado
Alertar,Alertando,Alertado
Esconder,Escondendo,Escondido
Esgotar,Esgotando,Esgotado
Reservar,Reservando,Reservado
Resaltar,Resaltando,Resaltado
Prolongar,Prolongando,Prolongado
Captar,Captando,Captado
Transportar,Transportando,Transportado
Atinxir,Atinxindo,Atinxido
Encaixar,Encaixando,Encaixado
Propiciar,Propiciando,Propiciado
Descargar,Descargando,Descargado
Matinar,Matinando,Matinado
Programar,Programando,Programado
Corrixir,Corrixindo,Corrixido
Alterar,Alterando,Alterado
Disputar,Disputando,Disputado
Impor,Impondo,Imposto
Examinar,Examinando,Examinado
Convivir,Convivindo,Convivido
Fiar,Fiando,Fiado
Apurar,Apurando,Apurado
Apañar,Apañando,Apañado
Aludir,Aludindo,Aludido
Abranguer,Abranguendo,Abranguido
Espetar,Espetando,Espetado
Quentar,Quentando,Quentado
Renovar,Renovando,Renovado
Acreditar,Acreditando,Acreditado
Rescatar,Rescatando,Rescatado
Empurrar,Empurrando,Empurrado
Cultivar,Cultivando,Cultivado
Configurar,Configurando,Configurado
Repasar,Repasando,Repasado
Rexer,Rexendo,Rexido
Borrar,Borrando,Borrado
Compensar,Compensando,Compensado
Motivar,Motivando,Motivado
Ferir,Ferindo,Ferido
Estragar,Estragando,Estragado
Trocar,Trocando,Trocado
Odiar,Odiando,Odiado
Narrar,Narrando,Narrado
Afondar,Afondando,Afondado
Esvarar,Esvarando,Esvarado
Teimar,Teimando,Teimado
Satisfacer,Satisfacendo,Satisfeito
Arredar,Arredando,Arredado
Desvelar,Desvelando,Desvelado
Extraer,Extraendo,Extraido
Trazar,Trazando,Trazado
Ceibar,Ceibando,Ceibado / Ceibo
Acertar,Acertando,Acertado
Paralizar,Paralizando,Paralizado
Atrapar,Atrapando,Atrapado
Mollar,Mollando,Mollado
Ferver,Fervendo,Fervido
Lucir,Lucindo,Lucido
Sobrar,Sobrando,Sobrado
Desempeñar,Desempeñando,Desempeñado
Deducir,Deducindo,Deducido
Portar,Portando,Portado
Tragar,Tragando,Tragado
Amolar,Amolando,Amolado
Dobrar,Dobrando,Dobrado
Cesar,Cesando,Cesado
Embarcar,Embarcando,Embarcado
Contrastar,Contrastando,Contrastado
Excluír,Excluíndo,Excluído
Guindar,Guindando,Guindado
Cansar,Cansando,Cansado / Canso
Acelerar,Acelerando,Acelerado
Opoñer,Opoñendo,Oposto
Reter,Retendo,Retido
Cociñar,Cociñando,Cociñado
Matizar,Matizando,Matizado
Exhibir,Exhibindo,Exhibido
Pelexar,Pelexando,Pelexado
Vencellar,Vencellando,Vencellado
Encerrar,Encerrando,Encerrado
Empeñar,Empeñando,Empeñado
Coordinar,Coordinando,Coordinado
Picar,Picando,Picado
Castigar,Castigando,Castigado
Cerrar,Cerrando,Cerrado
Golpear,Golpeando,Golpeado
Entrevistar,Entrevistando,Entrevistado
Parir,Parindo,Parido
Herdar,Herdando,Herdado
Explotar,Explotando,Explotado
Cocer,Cocendo,Cocido
Provir,Provindo,Provido
Agrupar,Agrupando,Agrupado
Encantar,Encantando,Encantado
Clasificar,Clasificando,Clasificado
Redactar,Redactando,Redactado
Designar,Designando,Designado
Xantar,Xantando,Xantado
Instar,Instando,Instado
Sentenciar,Sentenciando,Sentenciado
Demorar,Demorando,Demorado
Rodar,Rodando,Rodado
Secar,Secando,Secado / Seco
Posibilitar,Posibilitando,Posibilitado
Ateigar,Ateigando,Ateigado
Plantar,Plantando,Plantado
Presumir,Presumindo,Presumido
Alegrar,Alegrando,Alegrado
Evidenciar,Evidenciando,Evidenciado
Ocasionar,Ocasionando,Ocasionado
Bastar,Bastando,Bastado
Radicar,Radicando,Radicado
Evolucionar,Evolucionando,Evolucionado
Estoupar,Estoupando,Estoupado
Tranquilizar,Tranquilizando,Tranquilizado
Acougar,Acougando,Acougado
Amañar,Amañando,Amañado
Capturar,Capturando,Capturado
Sementar,Sementando,Sementado
Desviar,Desviando,Desviado
Conquistar,Conquistando,Conquistado
Equivocar,Equivocando,Equivocado
Aparcar,Aparcando,Aparcado
Apetecer,Apetecendo,Apetecido
Consentir,Consentindo,Consentido
Ratificar,Ratificando,Ratificado
Esforzar,Esforzando,Esforzado
Murmurar,Murmurando,Murmurado
Recitar,Recitando,Recitado
Agromar,Agromando,Agromado
Disfrutar,Disfrutando,Disfrutado
Principiar,Principiando,Principiado
Enmarcar,Enmarcando,Enmarcado
Absorber,Absorbendo,Absorbido
Alzar,Alzando,Alzado
Educar,Educando,Educado
Arriscar,Arriscando,Arriscado
Pregar,Pregando,Pregado
Fechar,Fechando,Fechado
Implantar,Implantando,Implantado
Sacudir,Sacudindo,Sacudido
Arrimar,Arrimando,Arrimado
Esmagar,Esmagando,Esmagado
Acomodar,Acomodando,Acomodado
Dificultar,Dificultando,Dificultado
Emigrar,Emigrando,Emigrado
Traspasar,Traspasando,Traspasado
Amparar,Amparando,Amparado
Verter,Vertendo,Vertido
Despregar,Despregando,Despregado
Contaminar,Contaminando,Contaminado
Inclinar,Inclinando,Inclinado
Suscitar,Suscitando,Suscitado
Inscribir,Inscribindo,Inscribido / Inscrito
Complementar,Complementando,Complementado
Propor,Propondo,Proposto
Interrogar,Interrogando,Interrogado
Suspirar,Suspirando,Suspirado
Inzar,Inzando,Inzado
Calmar,Calmando,Calmado
Cavilar,Cavilando,Cavilado
Premer,Premendo,Premido
Estimular,Estimulando,Estimulado
Encoller,Encollendo,Encollido / Encolleito
Aliviar,Aliviando,Aliviado
Explorar,Explorando,Explorado
Topar,Topando,Topado
Anular,Anulando,Anulado
Rozar,Rozando,Rozado
Fundir,Fundindo,Fundido
Gostar,Gostando,Gostado
Activar,Activando,Activado
Convertir,Convertindo,Convertido
Cagar,Cagando,Cagado
Fracasar,Fracasando,Fracasado
Pactar,Pactando,Pactado
Aplaudir,Aplaudindo,Aplaudido
Avogar,Avogando,Avogado
Laiar,Laiando,Laiado
Asignar,Asignando,Asignado
Divertir,Divertindo,Divertido
Comercializar,Comercializando,Comercializado
Rebaixar,Rebaixando,Rebaixado
Comparecer,Comparecendo,Comparecido
Amorear,Amoreando,Amoreado
Fornecer,Fornecendo,Fornecido
Artellar,Artellando,Artellado
Intercambiar,Intercambiando,Intercambiado
Entreter,Entretendo,Entretido
Preceder,Precedendo,Precedido
Triunfar,Triunfando,Triunfado
Esmorecer,Esmorecendo,Esmorecido
Morder,Mordendo,Mordido
Enriquecer,Enriquecendo,Enriquecido
Argallar,Argallando,Argallado
Acometer,Acometendo,Acometido
Albergar,Albergando,Albergado
Desconfiar,Desconfiando,Desconfiado
Tecer,Tecendo,Tecido
Chocar,Chocando,Chocado / Choco
Estear,Esteando,Esteado
Vexar,Vexando,Vexado
Almacenar,Almacenando,Almacenado
Desbotar,Desbotando,Desbotado
Manipular,Manipulando,Manipulado
Cuspir,Cuspindo,Cuspido
Reconstruír,Reconstruíndo,Reconstruído
Previr,Previndo,Prevido
Remontar,Remontando,Remontado
Replicar,Replicando,Replicado
Alentar,Alentando,Alentado
Imprimir,Imprimindo,Imprimido / Impreso
Bautizar,Bautizando,Bautizado
Disfrazar,Disfrazando,Disfrazado
Especializar,Especializando,Especializado
Plantexar,Plantexando,Plantexado
Conversar,Conversando,Conversado
Avalar,Avalando,Avalado
Despexar,Despexando,Despexado
Recortar,Recortando,Recortado
Baleirar,Baleirando,Baleirado
Fregar,Fregando,Fregado
Evocar,Evocando,Evocado
Retratar,Retratando,Retratado
Lamber,Lambendo,Lambido
Arrodear,Arrodeando,Arrodeado
Suprimir,Suprimindo,Suprimido
Expor,Expondo,Exposto
Impresionar,Impresionando,Impresionado
Nadar,Nadando,Nadado
Ilustrar,Ilustrando,Ilustrado
Recalcar,Recalcando,Recalcado
Liscar,Liscando,Liscado
Axitar,Axitando,Axitado
Planificar,Planificando,Planificado
Poboar,Poboando,Poboado
Rebentar,Rebentando,Rebentado
Coar,Coando,Coado
Prescindir,Prescindindo,Prescindido
Abanear,Abaneando,Abaneado
Cazar,Cazando,Cazado
Desfrutar,Desfrutando,Desfrutado
Brincar,Brincando,Brincado
Firmar,Firmando,Firmado
Enredar,Enredando,Enredado
Imputar,Imputando,Imputado
Velar,Velando,Velado
Estirar,Estirando,Estirado
Almorzar,Almorzando,Almorzado
Fundamentar,Fundamentando,Fundamentado
Arrancar,Arrancando,Arrancado
Disolver,Disolvendo,Disolvido / Disolto
Mobilizar,Mobilizando,Mobilizado
Suar,Suando,Suado
Devorar,Devorando,Devorado
Alugar,Alugando,Alugado
Soprar,Soprando,Soprado
Complicar,Complicando,Complicado
Furar,Furando,Furado
Turrar,Turrando,Turrado
Espir,Espindo,Espido
Refuxiar,Refuxiando,Refuxiado
Bañar,Bañando,Bañado
Adestrar,Adestrando,Adestrado
Inducir,Inducindo,Inducido
Alegar,Alegando,Alegado
Rosmar,Rosmando,Rosmado
Prexudicar,Prexudicando,Prexudicado
Administrar,Administrando,Administrado
Estabelecer,Estabelecendo,Estabelecido
Emerxer,Emerxendo,Emerxido
Tropezar,Tropezando,Tropezado
Desembocar,Desembocando,Desembocado
Concorrer,Concorrendo,Concorrido
Alumear,Alumeando,Alumeado
Asaltar,Asaltando,Asaltado
Empuxar,Empuxando,Empuxado
Illar,Illando,Illado
Mancar,Mancando,Mancado
Recrear,Recreando,Recreado
Apelar,Apelando,Apelado
Alongar,Alongando,Alongado
Bulir,Bulindo,Bulido
Ofertar,Ofertando,Ofertado
Reinar,Reinando,Reinado
Arrepentir,Arrepentindo,Arrepentido
Desprezar,Desprezando,Desprezado
Brindar,Brindando,Brindado
Precipitar,Precipitando,Precipitado
Asimilar,Asimilando,Asimilado
Sumir,Sumindo,Sumido
Preservar,Preservando,Preservado
Mexar,Mexando,Mexado
Respostar,Respostando,Respostado
Presentir,Presentindo,Presentido
Burlar,Burlando,Burlado
Coser,Cosendo,Cosido
Inserir,Inserindo,Inserido / Inserto
Sustentar,Sustentando,Sustentado
Acercar,Acercando,Acercado