Eu,Ti,El/Ela,Nós,Vós,Eles/Elas
For,Fores,For,Formos,Fordes,Foren
Tiver,Tiveres,Tiver,Tivermos,Tiverdes,Tiveren
Estiver,Estiveres,Estiver,Estivermos,Estiverdes,Estiveren
Fixer,Fixeres,Fixer,Fixermos,Fixerdes,Fixeren
Puider,Puideres,Puider,Puidermos,Puiderdes,Puideren
Houber,Houberes,Houber,Houbermos,Houberdes,Houberen
For,Fores,For,Formos,Fordes,Foren
Dixer,Dixeres,Dixer,Dixermos,Dixerdes,Dixeren
Der,Deres,Der,Dermos,Derdes,Deren
Vir,Vires,Vir,Virmos,Virdes,Viren
Souber,Souberes,Souber,Soubermos,Souberdes,Souberen
Quixer,Quixeres,Quixer,Quixermos,Quixerdes,Quixeren
Chegar,Chegares,Chegar,Chegarmos,Chegardes,Chegaren
Levar,Levares,Levar,Levarmos,Levardes,Levaren
Pasar,Pasares,Pasar,Pasarmos,Pasardes,Pasaren
Deber,Deberes,Deber,Debermos,Deberdes,Deberen
Deixar,Deixares,Deixar,Deixarmos,Deixardes,Deixaren
Falar,Falares,Falar,Falarmos,Falardes,Falaren
Seguir,Seguires,Seguir,Seguirmos,Seguirdes,Seguiren
Viñer,Viñeres,Viñer,Viñermos,Viñerdes,Viñeren
Pensar,Pensares,Pensar,Pensarmos,Pensardes,Pensaren
Puxer,Puxeres,Puxer,Puxermos,Puxerdes,Puxeren
Quedar,Quedares,Quedar,Quedarmos,Quedardes,Quedaren
Parecer,Pareceres,Parecer,Parecermos,Parecerdes,Pareceren
Saír,Saíres,Saír,Saírmos,Saírdes,Saíren
Volver,Volveres,Volver,Volvermos,Volverdes,Volveren
Contar,Contares,Contar,Contarmos,Contardes,Contaren
Atopar,Atopares,Atopar,Atoparmos,Atopardes,Atoparen
Coñecer,Coñeceres,Coñecer,Coñecermos,Coñecerdes,Coñeceren
Sentir,Sentires,Sentir,Sentirmos,Sentirdes,Sentiren
Chamar,Chamares,Chamar,Chamarmos,Chamardes,Chamaren
Mirar,Mirares,Mirar,Mirarmos,Mirardes,Miraren
Vivir,Vivires,Vivir,Vivirmos,Vivirdes,Viviren
Presentar,Presentares,Presentar,Presentarmos,Presentardes,Presentaren
Tratar,Tratares,Tratar,Tratarmos,Tratardes,Trataren
Entrar,Entrares,Entrar,Entrarmos,Entrardes,Entraren
Crer,Creres,Crer,Crermos,Crerdes,Creren
Comezar,Comezares,Comezar,Comezarmos,Comezardes,Comezaren
Abrir,Abrires,Abrir,Abrirmos,Abrirdes,Abriren
Acabar,Acabares,Acabar,Acabarmos,Acabardes,Acabaren
Realizar,Realizares,Realizar,Realizarmos,Realizardes,Realizaren
Tomar,Tomares,Tomar,Tomarmos,Tomardes,Tomaren
Permitir,Permitires,Permitir,Permitirmos,Permitirdes,Permitiren
Perder,Perderes,Perder,Perdermos,Perderdes,Perderen
Explicar,Explicares,Explicar,Explicarmos,Explicardes,Explicaren
Manter,Manteres,Manter,Mantermos,Manterdes,Manteren
Botar,Botares,Botar,Botarmos,Botardes,Botaren
Considerar,Considerares,Considerar,Considerarmos,Considerardes,Consideraren
Pedir,Pedires,Pedir,Pedirmos,Pedirdes,Pediren
Existir,Existires,Existir,Existirmos,Existirdes,Existiren
Traballar,Traballares,Traballar,Traballarmos,Traballardes,Traballaren
Entender,Entenderes,Entender,Entendermos,Entenderdes,Entenderen
Producir,Producires,Producir,Producirmos,Producirdes,Produciren
Preguntar,Preguntares,Preguntar,Preguntarmos,Preguntardes,Preguntaren
Aparecer,Apareceres,Aparecer,Aparecermos,Aparecerdes,Apareceren
Buscar,Buscares,Buscar,Buscarmos,Buscardes,Buscaren
Andar,Andares,Andar,Andarmos,Andardes,Andaren
Conseguir,Conseguires,Conseguir,Conseguirmos,Conseguirdes,Conseguiren
Escoitar,Escoitares,Escoitar,Escoitarmos,Escoitardes,Escoitaren
Lembrar,Lembrares,Lembrar,Lembrarmos,Lembrardes,Lembraren
Cumprir,Cumprires,Cumprir,Cumprirmos,Cumprirdes,Cumpriren
Achegar,Achegares,Achegar,Achegarmos,Achegardes,Achegaren
Coller,Colleres,Coller,Collermos,Collerdes,Colleren
Resultar,Resultares,Resultar,Resultarmos,Resultardes,Resultaren
Escribir,Escribires,Escribir,Escribirmos,Escribirdes,Escribiren
Recibir,Recibires,Recibir,Recibirmos,Recibirdes,Recibiren
Sinalar,Sinalares,Sinalar,Sinalarmos,Sinalardes,Sinalaren
Caer,Caeres,Caer,Caermos,Caerdes,Caeren
Converter,Converteres,Converter,Convertermos,Converterdes,Converteren
Asegurar,Asegurares,Asegurar,Asegurarmos,Asegurardes,Aseguraren
Morrer,Morreres,Morrer,Morrermos,Morrerdes,Morreren
Formar,Formares,Formar,Formarmos,Formardes,Formaren
Decidir,Decidires,Decidir,Decidirmos,Decidirdes,Decidiren
Supuxer,Supuxeres,Supuxer,Supuxermos,Supuxerdes,Supuxeren
Rematar,Rematares,Rematar,Rematarmos,Rematardes,Remataren
Gustar,Gustares,Gustar,Gustarmos,Gustardes,Gustaren
Ofrecer,Ofreceres,Ofrecer,Ofrecermos,Ofrecerdes,Ofreceren
Ler,Leres,Ler,Lermos,Lerdes,Leren
Meter,Meteres,Meter,Metermos,Meterdes,Meteren
Dirixir,Dirixires,Dirixir,Dirixirmos,Dirixirdes,Dirixiren
Crear,Creares,Crear,Crearmos,Creardes,Crearen
Agardar,Agardares,Agardar,Agardarmos,Agardardes,Agardaren
Servir,Servires,Servir,Servirmos,Servirdes,Serviren
Afirmar,Afirmares,Afirmar,Afirmarmos,Afirmardes,Afirmaren
Recoller,Recolleres,Recoller,Recollermos,Recollerdes,Recolleren
Recoñecer,Recoñeceres,Recoñecer,Recoñecermos,Recoñecerdes,Recoñeceren
Esperar,Esperares,Esperar,Esperarmos,Esperardes,Esperaren
Situar,Situares,Situar,Situarmos,Situardes,Situaren
Empezar,Empezares,Empezar,Empezarmos,Empezardes,Empezaren
Sentar,Sentares,Sentar,Sentarmos,Sentardes,Sentaren
Nacer,Naceres,Nacer,Nacermos,Nacerdes,Naceren
Indicar,Indicares,Indicar,Indicarmos,Indicardes,Indicaren
Utilizar,Utilizares,Utilizar,Utilizarmos,Utilizardes,Utilizaren
Marchar,Marchares,Marchar,Marcharmos,Marchardes,Marcharen
Celebrar,Celebrares,Celebrar,Celebrarmos,Celebrardes,Celebraren
Incluír,Incluíres,Incluír,Incluírmos,Incluírdes,Incluíren
Desenvolver,Desenvolveres,Desenvolver,Desenvolvermos,Desenvolverdes,Desenvolveren
Pagar,Pagares,Pagar,Pagarmos,Pagardes,Pagaren
Baixar,Baixares,Baixar,Baixarmos,Baixardes,Baixaren
Dispuxer,Dispuxeres,Dispuxer,Dispuxermos,Dispuxerdes,Dispuxeren
Trouxer,Trouxeres,Trouxer,Trouxermos,Trouxerdes,Trouxeren
Responder,Responderes,Responder,Respondermos,Responderdes,Responderen
Participar,Participares,Participar,Participarmos,Participardes,Participaren
Sacar,Sacares,Sacar,Sacarmos,Sacardes,Sacaren
Continuar,Continuares,Continuar,Continuarmos,Continuardes,Continuaren
Engadir,Engadires,Engadir,Engadirmos,Engadirdes,Engadiren
Publicar,Publicares,Publicar,Publicarmos,Publicardes,Publicaren
Xogar,Xogares,Xogar,Xogarmos,Xogardes,Xogaren
Cambiar,Cambiares,Cambiar,Cambiarmos,Cambiardes,Cambiaren
Evitar,Evitares,Evitar,Evitarmos,Evitardes,Evitaren
Axudar,Axudares,Axudar,Axudarmos,Axudardes,Axudaren
Amosar,Amosares,Amosar,Amosarmos,Amosardes,Amosaren
Esquecer,Esqueceres,Esquecer,Esquecermos,Esquecerdes,Esqueceren
Comer,Comeres,Comer,Comermos,Comerdes,Comeren
Tirar,Tirares,Tirar,Tirarmos,Tirardes,Tiraren
Subir,Subires,Subir,Subirmos,Subirdes,Subiren
Gañar,Gañares,Gañar,Gañarmos,Gañardes,Gañaren
Destacar,Destacares,Destacar,Destacarmos,Destacardes,Destacaren
Tocar,Tocares,Tocar,Tocarmos,Tocardes,Tocaren
Mover,Moveres,Mover,Movermos,Moverdes,Moveren
Pretender,Pretenderes,Pretender,Pretendermos,Pretenderdes,Pretenderen
Correr,Correres,Correr,Corrermos,Correrdes,Correren
Ficar,Ficares,Ficar,Ficarmos,Ficardes,Ficaren
Representar,Representares,Representar,Representarmos,Representardes,Representaren
Acompañar,Acompañares,Acompañar,Acompañarmos,Acompañardes,Acompañaren
Ocupar,Ocupares,Ocupar,Ocuparmos,Ocupardes,Ocuparen
Precisar,Precisares,Precisar,Precisarmos,Precisardes,Precisaren
Erguer,Ergueres,Erguer,Erguermos,Erguerdes,Ergueren
Semellar,Semellares,Semellar,Semellarmos,Semellardes,Semellaren
Ollar,Ollares,Ollar,Ollarmos,Ollardes,Ollaren
Defender,Defenderes,Defender,Defendermos,Defenderdes,Defenderen
Referir,Referires,Referir,Referirmos,Referirdes,Referiren
Informar,Informares,Informar,Informarmos,Informardes,Informaren
Recordar,Recordares,Recordar,Recordarmos,Recordardes,Recordaren
Pechar,Pechares,Pechar,Pecharmos,Pechardes,Pecharen
Establecer,Estableceres,Establecer,Establecermos,Establecerdes,Estableceren
Obter,Obteres,Obter,Obtermos,Obterdes,Obteren
Descubrir,Descubrires,Descubrir,Descubrirmos,Descubrirdes,Descubriren
Anunciar,Anunciares,Anunciar,Anunciarmos,Anunciardes,Anunciaren
Provocar,Provocares,Provocar,Provocarmos,Provocardes,Provocaren
Sufrir,Sufrires,Sufrir,Sufrirmos,Sufrirdes,Sufriren
Tentar,Tentares,Tentar,Tentarmos,Tentardes,Tentaren
Observar,Observares,Observar,Observarmos,Observardes,Observaren
Empregar,Empregares,Empregar,Empregarmos,Empregardes,Empregaren
Dedicar,Dedicares,Dedicar,Dedicarmos,Dedicardes,Dedicaren
Ocorrer,Ocorreren
Intentar,Intentares,Intentar,Intentarmos,Intentardes,Intentaren
Matar,Matares,Matar,Matarmos,Matardes,Mataren
Mandar,Mandares,Mandar,Mandarmos,Mandardes,Mandaren
Encontrar,Encontrares,Encontrar,Encontrarmos,Encontrardes,Encontraren
Decatar,Decatares,Decatar,Decatarmos,Decatardes,Decataren
Durmir,Durmires,Durmir,Durmirmos,Durmirdes,Durmiren
Acadar,Acadares,Acadar,Acadarmos,Acadardes,Acadaren
Mostrar,Mostrares,Mostrar,Mostrarmos,Mostrardes,Mostraren
Comprender,Comprenderes,Comprender,Comprendermos,Comprenderdes,Comprenderen
Preparar,Preparares,Preparar,Prepararmos,Preparardes,Prepararen
Lograr,Lograres,Lograr,Lograrmos,Logrardes,Lograren
Gardar,Gardares,Gardar,Gardarmos,Gardardes,Gardaren
Deter,Deteres,Deter,Determos,Deterdes,Deteren
Necesitar,Necesitares,Necesitar,Necesitarmos,Necesitardes,Necesitaren
Apuntar,Apuntares,Apuntar,Apuntarmos,Apuntardes,Apuntaren
Faltar,Faltares,Faltar,Faltarmos,Faltardes,Faltaren
Aceptar,Aceptares,Aceptar,Aceptarmos,Aceptardes,Aceptaren
Aproveitar,Aproveitares,Aproveitar,Aproveitarmos,Aproveitardes,Aproveitaren
Afectar,Afectares,Afectar,Afectarmos,Afectardes,Afectaren
Constituír,Constituíres,Constituír,Constituírmos,Constituírdes,Constituíren
Superar,Superares,Superar,Superarmos,Superardes,Superaren
Coidar,Coidares,Coidar,Coidarmos,Coidardes,Coidaren
Parar,Parares,Parar,Pararmos,Parardes,Pararen
Repetir,Repetires,Repetir,Repetirmos,Repetirdes,Repetiren
Actuar,Actuares,Actuar,Actuarmos,Actuardes,Actuaren
Reducir,Reducires,Reducir,Reducirmos,Reducirdes,Reduciren
Desaparecer,Desapareceres,Desaparecer,Desaparecermos,Desaparecerdes,Desapareceren
Aprender,Aprenderes,Aprender,Aprendermos,Aprenderdes,Aprenderen
Previr,Previres,Previr,Previrmos,Previrdes,Previren
Usar,Usares,Usar,Usarmos,Usardes,Usaren
Oír,Oíres,Oír,Oírmos,Oírdes,Oíren
Apoiar,Apoiares,Apoiar,Apoiarmos,Apoiardes,Apoiaren
Negar,Negares,Negar,Negarmos,Negardes,Negaren
Relacionar,Relacionares,Relacionar,Relacionarmos,Relacionardes,Relacionaren
Suceder,Sucederen
Organizar,Organizares,Organizar,Organizarmos,Organizardes,Organizaren
Marcar,Marcares,Marcar,Marcarmos,Marcardes,Marcaren
Construír,Construíres,Construír,Construírmos,Construírdes,Construíren
Recuperar,Recuperares,Recuperar,Recuperarmos,Recuperardes,Recuperaren
Rir,Rires,Rir,Rirmos,Rirdes,Riren
Comentar,Comentares,Comentar,Comentarmos,Comentardes,Comentaren
Demostrar,Demostrares,Demostrar,Demostrarmos,Demostrardes,Demostraren
Vender,Venderes,Vender,Vendermos,Venderdes,Venderen
Obrigar,Obrigares,Obrigar,Obrigarmos,Obrigardes,Obrigaren
Aumentar,Aumentares,Aumentar,Aumentarmos,Aumentardes,Aumentaren
Abandonar,Abandonares,Abandonar,Abandonarmos,Abandonardes,Abandonaren
Manifestar,Manifestares,Manifestar,Manifestarmos,Manifestardes,Manifestaren
Compartir,Compartires,Compartir,Compartirmos,Compartirdes,Compartiren
Fuxir,Fuxires,Fuxir,Fuxirmos,Fuxirdes,Fuxiren
Iniciar,Iniciares,Iniciar,Iniciarmos,Iniciardes,Iniciaren
Xurdir,Xurdires,Xurdir,Xurdirmos,Xurdirdes,Xurdiren
Acudir,Acudires,Acudir,Acudirmos,Acudirdes,Acudiren
Acontecer,Aconteceren
Puxer,Puxeres,Puxer,Puxermos,Puxerdes,Puxeren
Imaxinar,Imaxinares,Imaxinar,Imaxinarmos,Imaxinardes,Imaxinaren
Berrar,Berrares,Berrar,Berrarmos,Berrardes,Berraren
Comprobar,Comprobares,Comprobar,Comprobarmos,Comprobardes,Comprobaren
Atender,Atenderes,Atender,Atendermos,Atenderdes,Atenderen
Propuxer,Propuxeres,Propuxer,Propuxermos,Propuxerdes,Propuxeren
Analizar,Analizares,Analizar,Analizarmos,Analizardes,Analizaren
Permanecer,Permaneceres,Permanecer,Permanecermos,Permanecerdes,Permaneceren
Cubrir,Cubrires,Cubrir,Cubrirmos,Cubrirdes,Cubriren
Camiñar,Camiñares,Camiñar,Camiñarmos,Camiñardes,Camiñaren
Insistir,Insistires,Insistir,Insistirmos,Insistirdes,Insistiren
Beber,Beberes,Beber,Bebermos,Beberdes,Beberen
Alcanzar,Alcanzares,Alcanzar,Alcanzarmos,Alcanzardes,Alcanzaren
Encher,Encheres,Encher,Enchermos,Encherdes,Encheren
Colocar,Colocares,Colocar,Colocarmos,Colocardes,Colocaren
Procurar,Procurares,Procurar,Procurarmos,Procurardes,Procuraren
Aprobar,Aprobares,Aprobar,Aprobarmos,Aprobardes,Aprobaren
Notar,Notares,Notar,Notarmos,Notardes,Notaren
Aplicar,Aplicares,Aplicar,Aplicarmos,Aplicardes,Aplicaren
Corresponder,Corresponderes,Corresponder,Correspondermos,Corresponderdes,Corresponderen
Medrar,Medrares,Medrar,Medrarmos,Medrardes,Medraren
Acordar,Acordares,Acordar,Acordarmos,Acordardes,Acordaren
Valer,Valeres,Valer,Valermos,Valerdes,Valeren
Interesar,Interesares,Interesar,Interesarmos,Interesardes,Interesaren
Levantar,Levantares,Levantar,Levantarmos,Levantardes,Levantaren
Preocupar,Preocupares,Preocupar,Preocuparmos,Preocupardes,Preocuparen
Definir,Definires,Definir,Definirmos,Definirdes,Definiren
Importar,Importares,Importar,Importarmos,Importardes,Importaren
Xerar,Xerares,Xerar,Xerarmos,Xerardes,Xeraren
Confirmar,Confirmares,Confirmar,Confirmarmos,Confirmardes,Confirmaren
Visitar,Visitares,Visitar,Visitarmos,Visitardes,Visitaren
Desexar,Desexares,Desexar,Desexarmos,Desexardes,Desexaren
Mellorar,Mellorares,Mellorar,Mellorarmos,Mellorardes,Melloraren
Significar,Significares,Significar,Significarmos,Significardes,Significaren
Entregar,Entregares,Entregar,Entregarmos,Entregardes,Entregaren
Impedir,Impedires,Impedir,Impedirmos,Impedirdes,Impediren
Denunciar,Denunciares,Denunciar,Denunciarmos,Denunciardes,Denunciaren
Cantar,Cantares,Cantar,Cantarmos,Cantardes,Cantaren
Declarar,Declarares,Declarar,Declararmos,Declarardes,Declararen
Expresar,Expresares,Expresar,Expresarmos,Expresardes,Expresaren
Esixir,Esixires,Esixir,Esixirmos,Esixirdes,Esixiren
Convencer,Convenceres,Convencer,Convencermos,Convencerdes,Convenceren
Asumir,Asumires,Asumir,Asumirmos,Asumirdes,Asumiren
Unir,Unires,Unir,Unirmos,Unirdes,Uniren
Depender,Dependeres,Depender,Dependermos,Dependerdes,Dependeren
Rexistrar,Rexistrares,Rexistrar,Rexistrarmos,Rexistrardes,Rexistraren
Basear,Baseares,Basear,Basearmos,Baseardes,Basearen
Fixar,Fixares,Fixar,Fixarmos,Fixardes,Fixaren
Coincidir,Coincidires,Coincidir,Coincidirmos,Coincidirdes,Coincidiren
Funcionar,Funcionares,Funcionar,Funcionarmos,Funcionardes,Funcionaren
Elixir,Elixires,Elixir,Elixirmos,Elixirdes,Elixiren
Vestir,Vestires,Vestir,Vestirmos,Vestirdes,Vestiren
Chorar,Chorares,Chorar,Chorarmos,Chorardes,Choraren
Sorrir,Sorrires,Sorrir,Sorrirmos,Sorrirdes,Sorriren
Reunir,Reunires,Reunir,Reunirmos,Reunirdes,Reuniren
Preferir,Preferires,Preferir,Preferirmos,Preferirdes,Preferiren
Advertir,Advertires,Advertir,Advertirmos,Advertirdes,Advertiren
Avanzar,Avanzares,Avanzar,Avanzarmos,Avanzardes,Avanzaren
Contestar,Contestares,Contestar,Contestarmos,Contestardes,Contestaren
Calar,Calares,Calar,Calarmos,Calardes,Calaren
Soar,Soares,Soar,Soarmos,Soardes,Soaren
Mercar,Mercares,Mercar,Mercarmos,Mercardes,Mercaren
Adoitar,Adoitares,Adoitar,Adoitarmos,Adoitardes,Adoitaren
Solicitar,Solicitares,Solicitar,Solicitarmos,Solicitardes,Solicitaren
Contemplar,Contemplares,Contemplar,Contemplarmos,Contemplardes,Contemplaren
Deitar,Deitares,Deitar,Deitarmos,Deitardes,Deitaren
Gozar,Gozares,Gozar,Gozarmos,Gozardes,Gozaren
Reclamar,Reclamares,Reclamar,Reclamarmos,Reclamardes,Reclamaren
Integrar,Integrares,Integrar,Integrarmos,Integrardes,Integraren
Cruzar,Cruzares,Cruzar,Cruzarmos,Cruzardes,Cruzaren
Percorrer,Percorreres,Percorrer,Percorrermos,Percorrerdes,Percorreren
Asistir,Asistires,Asistir,Asistirmos,Asistirdes,Asistiren
Resolver,Resolveres,Resolver,Resolvermos,Resolverdes,Resolveren
Destinar,Destinares,Destinar,Destinarmos,Destinardes,Destinaren
Romper,Romperes,Romper,Rompermos,Romperdes,Romperen
Elaborar,Elaborares,Elaborar,Elaborarmos,Elaborardes,Elaboraren
Sumar,Sumares,Sumar,Sumarmos,Sumardes,Sumaren
Identificar,Identificares,Identificar,Identificarmos,Identificardes,Identificaren
Garantir,Garantires,Garantir,Garantirmos,Garantirdes,Garantiren
Asinar,Asinares,Asinar,Asinarmos,Asinardes,Asinaren
Conter,Conteres,Conter,Contermos,Conterdes,Conteren
Introducir,Introducires,Introducir,Introducirmos,Introducirdes,Introduciren
Facilitar,Facilitares,Facilitar,Facilitarmos,Facilitardes,Facilitaren
Quitar,Quitares,Quitar,Quitarmos,Quitardes,Quitaren
Decer,Deceres,Decer,Decermos,Decerdes,Deceren
Conducir,Conducires,Conducir,Conducirmos,Conducirdes,Conduciren
Enviar,Enviares,Enviar,Enviarmos,Enviardes,Enviaren
Acusar,Acusares,Acusar,Acusarmos,Acusardes,Acusaren
Partir,Partires,Partir,Partirmos,Partirdes,Partiren
Centrar,Centrares,Centrar,Centrarmos,Centrardes,Centraren
Posuír,Posuíres,Posuír,Posuírmos,Posuírdes,Posuíren
Determinar,Determinares,Determinar,Determinarmos,Determinardes,Determinaren
Causar,Causares,Causar,Causarmos,Causardes,Causaren
Tardar,Tardares,Tardar,Tardarmos,Tardardes,Tardaren
Rexeitar,Rexeitares,Rexeitar,Rexeitarmos,Rexeitardes,Rexeitaren
Lanzar,Lanzares,Lanzar,Lanzarmos,Lanzardes,Lanzaren
Exercer,Exerceres,Exercer,Exercermos,Exercerdes,Exerceren
Regresar,Regresares,Regresar,Regresarmos,Regresardes,Regresaren
Incorporar,Incorporares,Incorporar,Incorporarmos,Incorporardes,Incorporaren
Encargar,Encargares,Encargar,Encargarmos,Encargardes,Encargaren
Sorprender,Sorprenderes,Sorprender,Sorprendermos,Sorprenderdes,Sorprenderen
Conservar,Conservares,Conservar,Conservarmos,Conservardes,Conservaren
Impuxer,Impuxeres,Impuxer,Impuxermos,Impuxerdes,Impuxeren
Adquirir,Adquirires,Adquirir,Adquirirmos,Adquirirdes,Adquiriren
Cortar,Cortares,Cortar,Cortarmos,Cortardes,Cortaren
Consistir,Consistires,Consistir,Consistirmos,Consistirdes,Consistiren
Contribuír,Contribuíres,Contribuír,Contribuírmos,Contribuírdes,Contribuíren
Viaxar,Viaxares,Viaxar,Viaxarmos,Viaxardes,Viaxaren
Proceder,Procederes,Proceder,Procedermos,Procederdes,Procederen
Concluír,Concluíres,Concluír,Concluírmos,Concluírdes,Concluíren
Virar,Virares,Virar,Virarmos,Virardes,Viraren
Escoller,Escolleres,Escoller,Escollermos,Escollerdes,Escolleren
Controlar,Controlares,Controlar,Controlarmos,Controlardes,Controlaren
Loitar,Loitares,Loitar,Loitarmos,Loitardes,Loitaren
Bater,Bateres,Bater,Batermos,Baterdes,Bateren
Acoller,Acolleres,Acoller,Acollermos,Acollerdes,Acolleren
Prestar,Prestares,Prestar,Prestarmos,Prestardes,Prestaren
Implicar,Implicares,Implicar,Implicarmos,Implicardes,Implicaren
Casar,Casares,Casar,Casarmos,Casardes,Casaren
Mudar,Mudares,Mudar,Mudarmos,Mudardes,Mudaren
Pertencer,Pertenceres,Pertencer,Pertencermos,Pertencerdes,Pertenceren
Retirar,Retirares,Retirar,Retirarmos,Retirardes,Retiraren
Salvar,Salvares,Salvar,Salvarmos,Salvardes,Salvaren
Adoptar,Adoptares,Adoptar,Adoptarmos,Adoptardes,Adoptaren
Estudar,Estudares,Estudar,Estudarmos,Estudardes,Estudaren
Convocar,Convocares,Convocar,Convocarmos,Convocardes,Convocaren
Subliñar,Subliñares,Subliñar,Subliñarmos,Subliñardes,Subliñaren
Espertar,Espertares,Espertar,Espertarmos,Espertardes,Espertaren
Instalar,Instalares,Instalar,Instalarmos,Instalardes,Instalaren
Custar,Custares,Custar,Custarmos,Custardes,Custaren
Estender,Estenderes,Estender,Estendermos,Estenderdes,Estenderen
Someter,Someteres,Someter,Sometermos,Someterdes,Someteren
Promover,Promoveres,Promover,Promovermos,Promoverdes,Promoveren
Interpretar,Interpretares,Interpretar,Interpretarmos,Interpretardes,Interpretaren
Trasladar,Trasladares,Trasladar,Trasladarmos,Trasladardes,Trasladaren
Atravesar,Atravesares,Atravesar,Atravesarmos,Atravesardes,Atravesaren
Rodear,Rodeares,Rodear,Rodearmos,Rodeardes,Rodearen
Conceder,Concederes,Conceder,Concedermos,Concederdes,Concederen
Limitar,Limitares,Limitar,Limitarmos,Limitardes,Limitaren
Couber,Couberes,Couber,Coubermos,Couberdes,Couberen
Merecer,Mereceres,Merecer,Merecermos,Merecerdes,Mereceren
Dubidar,Dubidares,Dubidar,Dubidarmos,Dubidardes,Dubidaren
Soster,Sosteres,Soster,Sostermos,Sosterdes,Sosteren
Separar,Separares,Separar,Separarmos,Separardes,Separaren
Protexer,Protexeres,Protexer,Protexermos,Protexerdes,Protexeren
Prender,Prenderes,Prender,Prendermos,Prenderdes,Prenderen
Cobrar,Cobrares,Cobrar,Cobrarmos,Cobrardes,Cobraren
Estudiar,Estudiares,Estudiar,Estudiarmos,Estudiardes,Estudiaren
Expuxer,Expuxeres,Expuxer,Expuxermos,Expuxerdes,Expuxeren
Percibir,Percibires,Percibir,Percibirmos,Percibirdes,Percibiren
Admitir,Admitires,Admitir,Admitirmos,Admitirdes,Admitiren
Derivar,Derivares,Derivar,Derivarmos,Derivardes,Derivaren
Soñar,Soñares,Soñar,Soñarmos,Soñardes,Soñaren
Montar,Montares,Montar,Montarmos,Montardes,Montaren
Xustificar,Xustificares,Xustificar,Xustificarmos,Xustificardes,Xustificaren
Citar,Citares,Citar,Citarmos,Citardes,Citaren
Emitir,Emitires,Emitir,Emitirmos,Emitirdes,Emitiren
Comunicar,Comunicares,Comunicar,Comunicarmos,Comunicardes,Comunicaren
Enfrontar,Enfrontares,Enfrontar,Enfrontarmos,Enfrontardes,Enfrontaren
Compuxer,Compuxeres,Compuxer,Compuxermos,Compuxerdes,Compuxeren
Reflectir,Reflectires,Reflectir,Reflectirmos,Reflectirdes,Reflectiren
Respectar,Respectares,Respectar,Respectarmos,Respectardes,Respectaren
Valorar,Valorares,Valorar,Valorarmos,Valorardes,Valoraren
Afastar,Afastares,Afastar,Afastarmos,Afastardes,Afastaren
Figurar,Figurares,Figurar,Figurarmos,Figurardes,Figuraren
Intervir,Intervires,Intervir,Intervirmos,Intervirdes,Interviren
Criticar,Criticares,Criticar,Criticarmos,Criticardes,Criticaren
Roubar,Roubares,Roubar,Roubarmos,Roubardes,Roubaren
Acceder,Accederes,Acceder,Accedermos,Accederdes,Accederen
Transmitir,Transmitires,Transmitir,Transmitirmos,Transmitirdes,Transmitiren
Voltar,Voltares,Voltar,Voltarmos,Voltardes,Voltaren
Distinguir,Distinguires,Distinguir,Distinguirmos,Distinguirdes,Distinguiren
Durar,Durares,Durar,Durarmos,Durardes,Duraren
Probar,Probares,Probar,Probarmos,Probardes,Probaren
Escapar,Escapares,Escapar,Escaparmos,Escapardes,Escaparen
Despedir,Despedires,Despedir,Despedirmos,Despedirdes,Despediren
Atrever,Atreveres,Atrever,Atrevermos,Atreverdes,Atreveren
Confiar,Confiares,Confiar,Confiarmos,Confiardes,Confiaren
Amar,Amares,Amar,Amarmos,Amardes,Amaren
Apostar,Apostares,Apostar,Apostarmos,Apostardes,Apostaren
Tender,Tenderes,Tender,Tendermos,Tenderdes,Tenderen
Devolver,Devolveres,Devolver,Devolvermos,Devolverdes,Devolveren
Pousar,Pousares,Pousar,Pousarmos,Pousardes,Pousaren
Xuntar,Xuntares,Xuntar,Xuntarmos,Xuntardes,Xuntaren
Deseñar,Deseñares,Deseñar,Deseñarmos,Deseñardes,Deseñaren
Cargar,Cargares,Cargar,Cargarmos,Cargardes,Cargaren
Completar,Completares,Completar,Completarmos,Completardes,Completaren
Incrementar,Incrementares,Incrementar,Incrementarmos,Incrementardes,Incrementaren
Transformar,Transformares,Transformar,Transformarmos,Transformardes,Transformaren
Confesar,Confesares,Confesar,Confesarmos,Confesardes,Confesaren
Gobernar,Gobernares,Gobernar,Gobernarmos,Gobernardes,Gobernaren
Salientar,Salientares,Salientar,Salientarmos,Salientardes,Salientaren
Avisar,Avisares,Avisar,Avisarmos,Avisardes,Avisaren
Colaborar,Colaborares,Colaborar,Colaborarmos,Colaborardes,Colaboraren
Favorecer,Favoreceres,Favorecer,Favorecermos,Favorecerdes,Favoreceren
Prometer,Prometeres,Prometer,Prometermos,Prometerdes,Prometeren
Pegar,Pegares,Pegar,Pegarmos,Pegardes,Pegaren
Revelar,Revelares,Revelar,Revelarmos,Revelardes,Revelaren
Ordenar,Ordenares,Ordenar,Ordenarmos,Ordenardes,Ordenaren
Consumir,Consumires,Consumir,Consumirmos,Consumirdes,Consumiren
Convir,Convires,Convir,Convirmos,Convirdes,Conviren
Pintar,Pintares,Pintar,Pintarmos,Pintardes,Pintaren
Ensinar,Ensinares,Ensinar,Ensinarmos,Ensinardes,Ensinaren
Describir,Describires,Describir,Describirmos,Describirdes,Describiren
Agradecer,Agradeceres,Agradecer,Agradecermos,Agradecerdes,Agradeceren
Adaptar,Adaptares,Adaptar,Adaptarmos,Adaptardes,Adaptaren
Pasear,Paseares,Pasear,Pasearmos,Paseardes,Pasearen
Cualificar,Cualificares,Cualificar,Cualificarmos,Cualificardes,Cualificaren
Comprar,Comprares,Comprar,Comprarmos,Comprardes,Compraren
Detectar,Detectares,Detectar,Detectarmos,Detectardes,Detectaren
Reparar,Reparares,Reparar,Repararmos,Reparardes,Repararen
Saltar,Saltares,Saltar,Saltarmos,Saltardes,Saltaren
Presidir,Presidires,Presidir,Presidirmos,Presidirdes,Presidiren
Impulsar,Impulsares,Impulsar,Impulsarmos,Impulsardes,Impulsaren
Temer,Temeres,Temer,Temermos,Temerdes,Temeren
Substituír,Substituíres,Substituír,Substituírmos,Substituírdes,Substituíren
Supuxer,Supuxeres,Supuxer,Supuxermos,Supuxerdes,Supuxeren
Adiantar,Adiantares,Adiantar,Adiantarmos,Adiantardes,Adiantaren
Condenar,Condenares,Condenar,Condenarmos,Condenardes,Condenaren
Animar,Animares,Animar,Animarmos,Animardes,Animaren
Medir,Medires,Medir,Medirmos,Medirdes,Mediren
Investigar,Investigares,Investigar,Investigarmos,Investigardes,Investigaren
Pronunciar,Pronunciares,Pronunciar,Pronunciarmos,Pronunciardes,Pronunciaren
Cometer,Cometeres,Cometer,Cometermos,Cometerdes,Cometeren
Eliminar,Eliminares,Eliminar,Eliminarmos,Eliminardes,Eliminaren
Limpar,Limpares,Limpar,Limparmos,Limpardes,Limparen
Aclarar,Aclarares,Aclarar,Aclararmos,Aclarardes,Aclararen
Concentrar,Concentrares,Concentrar,Concentrarmos,Concentrardes,Concentraren
Conformar,Conformares,Conformar,Conformarmos,Conformardes,Conformaren
Mesturar,Mesturares,Mesturar,Mesturarmos,Mesturardes,Mesturaren
Optar,Optares,Optar,Optarmos,Optardes,Optaren
Abordar,Abordares,Abordar,Abordarmos,Abordardes,Abordaren
Desfixer,Desfixeres,Desfixer,Desfixermos,Desfixerdes,Desfixeren
Bailar,Bailares,Bailar,Bailarmos,Bailardes,Bailaren
Dominar,Dominares,Dominar,Dominarmos,Dominardes,Dominaren
Arrastrar,Arrastrares,Arrastrar,Arrastrarmos,Arrastrardes,Arrastraren
Experimentar,Experimentares,Experimentar,Experimentarmos,Experimentardes,Experimentaren
Achar,Achares,Achar,Acharmos,Achardes,Acharen
Votar,Votares,Votar,Votarmos,Votardes,Votaren
Caracterizar,Caracterizares,Caracterizar,Caracterizarmos,Caracterizardes,Caracterizaren
Ocultar,Ocultares,Ocultar,Ocultarmos,Ocultardes,Ocultaren
Formular,Formulares,Formular,Formularmos,Formulardes,Formularen
Padecer,Padeceres,Padecer,Padecermos,Padecerdes,Padeceren
Perdoar,Perdoares,Perdoar,Perdoarmos,Perdoardes,Perdoaren
Repartir,Repartires,Repartir,Repartirmos,Repartirdes,Repartiren
Proporcionar,Proporcionares,Proporcionar,Proporcionarmos,Proporcionardes,Proporcionaren
Agochar,Agochares,Agochar,Agocharmos,Agochardes,Agocharen
Requirir,Requirires,Requirir,Requirirmos,Requirirdes,Requiriren
Voar,Voares,Voar,Voarmos,Voardes,Voaren
Resistir,Resistires,Resistir,Resistirmos,Resistirdes,Resistiren
Nomear,Nomeares,Nomear,Nomearmos,Nomeardes,Nomearen
Vencer,Venceres,Vencer,Vencermos,Vencerdes,Venceren
Comprometer,Comprometeres,Comprometer,Comprometermos,Comprometerdes,Comprometeren
Ameazar,Ameazares,Ameazar,Ameazarmos,Ameazardes,Ameazaren
Soltar,Soltares,Soltar,Soltarmos,Soltardes,Soltaren
Gastar,Gastares,Gastar,Gastarmos,Gastardes,Gastaren
Saudar,Saudares,Saudar,Saudarmos,Saudardes,Saudaren
Practicar,Practicares,Practicar,Practicarmos,Practicardes,Practicaren
Envolver,Envolveres,Envolver,Envolvermos,Envolverdes,Envolveren
Recomendar,Recomendares,Recomendar,Recomendarmos,Recomendardes,Recomendaren
Calcular,Calculares,Calcular,Calcularmos,Calculardes,Calcularen
Perseguir,Perseguires,Perseguir,Perseguirmos,Perseguirdes,Perseguiren
Arrincar,Arrincares,Arrincar,Arrincarmos,Arrincardes,Arrincaren
Respirar,Respirares,Respirar,Respirarmos,Respirardes,Respiraren
Localizar,Localizares,Localizar,Localizarmos,Localizardes,Localizaren
Dotar,Dotares,Dotar,Dotarmos,Dotardes,Dotaren
Ampliar,Ampliares,Ampliar,Ampliarmos,Ampliardes,Ampliaren
Gravar,Gravares,Gravar,Gravarmos,Gravardes,Gravaren
Ignorar,Ignorares,Ignorar,Ignorarmos,Ignorardes,Ignoraren
Convidar,Convidares,Convidar,Convidarmos,Convidardes,Convidaren
Traducir,Traducires,Traducir,Traducirmos,Traducirdes,Traduciren
Reforzar,Reforzares,Reforzar,Reforzarmos,Reforzardes,Reforzaren
Carecer,Careceres,Carecer,Carecermos,Carecerdes,Careceren
Descansar,Descansares,Descansar,Descansarmos,Descansardes,Descansaren
Alimentar,Alimentares,Alimentar,Alimentarmos,Alimentardes,Alimentaren
Modificar,Modificares,Modificar,Modificarmos,Modificardes,Modificaren
Apreciar,Apreciares,Apreciar,Apreciarmos,Apreciardes,Apreciaren
Consultar,Consultares,Consultar,Consultarmos,Consultardes,Consultaren
Disparar,Disparares,Disparar,Dispararmos,Disparardes,Dispararen
Editar,Editares,Editar,Editarmos,Editardes,Editaren
Fumar,Fumares,Fumar,Fumarmos,Fumardes,Fumaren
Atacar,Atacares,Atacar,Atacarmos,Atacardes,Atacaren
Afixer,Afixeres,Afixer,Afixermos,Afixerdes,Afixeren
Conectar,Conectares,Conectar,Conectarmos,Conectardes,Conectaren
Chover
Prohibir,Prohibires,Prohibir,Prohibirmos,Prohibirdes,Prohibiren
Abondar,Abondares,Abondar,Abondarmos,Abondardes,Abondaren
Interromper,Interromperes,Interromper,Interrompermos,Interromperdes,Interromperen
Comparar,Comparares,Comparar,Compararmos,Comparardes,Compararen
Liberar,Liberares,Liberar,Liberarmos,Liberardes,Liberaren
Terminar,Terminares,Terminar,Terminarmos,Terminardes,Terminaren
Queimar,Queimares,Queimar,Queimarmos,Queimardes,Queimaren
Recorrer,Recorreres,Recorrer,Recorrermos,Recorrerdes,Recorreren
Doer,Doeres,Doer,Doermos,Doerdes,Doeren
Discutir,Discutires,Discutir,Discutirmos,Discutirdes,Discutiren
Ceder,Cederes,Ceder,Cedermos,Cederdes,Cederen
Colgar,Colgares,Colgar,Colgarmos,Colgardes,Colgaren
Bicar,Bicares,Bicar,Bicarmos,Bicardes,Bicaren
Apagar,Apagares,Apagar,Apagarmos,Apagardes,Apagaren
Atribuír,Atribuíres,Atribuír,Atribuírmos,Atribuírdes,Atribuíren
Xirar,Xirares,Xirar,Xirarmos,Xirardes,Xiraren
Debuxar,Debuxares,Debuxar,Debuxarmos,Debuxardes,Debuxaren
Afrontar,Afrontares,Afrontar,Afrontarmos,Afrontardes,Afrontaren
Soportar,Soportares,Soportar,Soportarmos,Soportardes,Soportaren
Desprazar,Desprazares,Desprazar,Desprazarmos,Desprazardes,Desprazaren
Crecer,Creceres,Crecer,Crecermos,Crecerdes,Creceren
Acender,Acenderes,Acender,Acendermos,Acenderdes,Acenderen
Espallar,Espallares,Espallar,Espallarmos,Espallardes,Espallaren
Inventar,Inventares,Inventar,Inventarmos,Inventardes,Inventaren
Agarrar,Agarrares,Agarrar,Agarrarmos,Agarrardes,Agarraren
Outorgar,Outorgares,Outorgar,Outorgarmos,Outorgardes,Outorgaren
Asomar,Asomares,Asomar,Asomarmos,Asomardes,Asomaren
Vincular,Vinculares,Vincular,Vincularmos,Vinculardes,Vincularen
Sospeitar,Sospeitares,Sospeitar,Sospeitarmos,Sospeitardes,Sospeitaren
Xulgar,Xulgares,Xulgar,Xulgarmos,Xulgardes,Xulgaren
Dividir,Dividires,Dividir,Dividirmos,Dividirdes,Dividiren
Denominar,Denominares,Denominar,Denominarmos,Denominardes,Denominaren
Investir,Investires,Investir,Investirmos,Investirdes,Investiren
Adicar,Adicares,Adicar,Adicarmos,Adicardes,Adicaren
Influír,Influíres,Influír,Influírmos,Influírdes,Influíren
Habitar,Habitares,Habitar,Habitarmos,Habitardes,Habitaren
Renunciar,Renunciares,Renunciar,Renunciarmos,Renunciardes,Renunciaren
Demandar,Demandares,Demandar,Demandarmos,Demandardes,Demandaren
Tapar,Tapares,Tapar,Taparmos,Tapardes,Taparen
Sobrevivir,Sobrevivires,Sobrevivir,Sobrevivirmos,Sobrevivirdes,Sobreviviren
Apertar,Apertares,Apertar,Apertarmos,Apertardes,Apertaren
Aturar,Aturares,Aturar,Aturarmos,Aturardes,Aturaren
Petar,Petares,Petar,Petarmos,Petardes,Petaren
Confundir,Confundires,Confundir,Confundirmos,Confundirdes,Confundiren
Proxectar,Proxectares,Proxectar,Proxectarmos,Proxectardes,Proxectaren
Estimar,Estimares,Estimar,Estimarmos,Estimardes,Estimaren
Agachar,Agachares,Agachar,Agacharmos,Agachardes,Agacharen
Atraer,Atraeres,Atraer,Atraermos,Atraerdes,Atraeren
Remitir,Remitires,Remitir,Remitirmos,Remitirdes,Remitiren
Estrear,Estreares,Estrear,Estrearmos,Estreardes,Estrearen
Dispuxer,Dispuxeres,Dispuxer,Dispuxermos,Dispuxerdes,Dispuxeren
Ascender,Ascenderes,Ascender,Ascendermos,Ascenderdes,Ascenderen
Asociar,Asociares,Asociar,Asociarmos,Asociardes,Asociaren
Elevar,Elevares,Elevar,Elevarmos,Elevardes,Elevaren
Inaugurar,Inaugurares,Inaugurar,Inaugurarmos,Inaugurardes,Inauguraren
Enganar,Enganares,Enganar,Enganarmos,Enganardes,Enganaren
Molestar,Molestares,Molestar,Molestarmos,Molestardes,Molestaren
Regular,Regulares,Regular,Regularmos,Regulardes,Regularen
Pesar,Pesares,Pesar,Pesarmos,Pesardes,Pesaren
Incidir,Incidires,Incidir,Incidirmos,Incidirdes,Incidiren
Opinar,Opinares,Opinar,Opinarmos,Opinardes,Opinaren
Manexar,Manexares,Manexar,Manexarmos,Manexardes,Manexaren
Fomentar,Fomentares,Fomentar,Fomentarmos,Fomentardes,Fomentaren
Invitar,Invitares,Invitar,Invitarmos,Invitardes,Invitaren
Fundar,Fundares,Fundar,Fundarmos,Fundardes,Fundaren
Diminuír,Diminuíres,Diminuír,Diminuírmos,Diminuírdes,Diminuíren
Operar,Operares,Operar,Operarmos,Operardes,Operaren
Lamentar,Lamentares,Lamentar,Lamentarmos,Lamentardes,Lamentaren
Asasinar,Asasinares,Asasinar,Asasinarmos,Asasinardes,Asasinaren
Arranxar,Arranxares,Arranxar,Arranxarmos,Arranxardes,Arranxaren
Criar,Criares,Criar,Criarmos,Criardes,Criaren
Descoñecer,Descoñeceres,Descoñecer,Descoñecermos,Descoñecerdes,Descoñeceren
Namorar,Namorares,Namorar,Namorarmos,Namorardes,Namoraren
Destruír,Destruíres,Destruír,Destruírmos,Destruírdes,Destruíren
Cheirar,Cheirares,Cheirar,Cheirarmos,Cheirardes,Cheiraren
Guiar,Guiares,Guiar,Guiarmos,Guiardes,Guiaren
Lavar,Lavares,Lavar,Lavarmos,Lavardes,Lavaren
Xestionar,Xestionares,Xestionar,Xestionarmos,Xestionardes,Xestionaren
Efectuar,Efectuares,Efectuar,Efectuarmos,Efectuardes,Efectuaren
Orientar,Orientares,Orientar,Orientarmos,Orientardes,Orientaren
Apartar,Apartares,Apartar,Apartarmos,Apartardes,Apartaren
Ouvir,Ouvires,Ouvir,Ouvirmos,Ouvirdes,Ouviren
Reaccionar,Reaccionares,Reaccionar,Reaccionarmos,Reaccionardes,Reaccionaren
Vixiar,Vixiares,Vixiar,Vixiarmos,Vixiardes,Vixiaren
Afundir,Afundires,Afundir,Afundirmos,Afundirdes,Afundiren
Atar,Atares,Atar,Atarmos,Atardes,Ataren
Constatar,Constatares,Constatar,Constatarmos,Constatardes,Constataren
Financiar,Financiares,Financiar,Financiarmos,Financiardes,Financiaren
Tornar,Tornares,Tornar,Tornarmos,Tornardes,Tornaren
Abrazar,Abrazares,Abrazar,Abrazarmos,Abrazardes,Abrazaren
Constar,Constares,Constar,Constarmos,Constardes,Constaren
Negociar,Negociares,Negociar,Negociarmos,Negociardes,Negociaren
Enterrar,Enterrares,Enterrar,Enterrarmos,Enterrardes,Enterraren
Estrañar,Estrañares,Estrañar,Estrañarmos,Estrañardes,Estrañaren
Pendurar,Pendurares,Pendurar,Pendurarmos,Pendurardes,Penduraren
Protagonizar,Protagonizares,Protagonizar,Protagonizarmos,Protagonizardes,Protagonizaren
Aguantar,Aguantares,Aguantar,Aguantarmos,Aguantardes,Aguantaren
Armar,Armares,Armar,Armarmos,Armardes,Armaren
Ingresar,Ingresares,Ingresar,Ingresarmos,Ingresardes,Ingresaren
Ligar,Ligares,Ligar,Ligarmos,Ligardes,Ligaren
Librar,Librares,Librar,Librarmos,Librardes,Libraren
Revisar,Revisares,Revisar,Revisarmos,Revisardes,Revisaren
Asentir,Asentires,Asentir,Asentirmos,Asentirdes,Asentiren
Reproducir,Reproducires,Reproducir,Reproducirmos,Reproducirdes,Reproduciren
Seleccionar,Seleccionares,Seleccionar,Seleccionarmos,Seleccionardes,Seleccionaren
Suxerir,Suxerires,Suxerir,Suxerirmos,Suxerirdes,Suxeriren
Distribuír,Distribuíres,Distribuír,Distribuírmos,Distribuírdes,Distribuíren
Curar,Curares,Curar,Curarmos,Curardes,Curaren
Remexer,Remexeres,Remexer,Remexermos,Remexerdes,Remexeren
Contratar,Contratares,Contratar,Contratarmos,Contratardes,Contrataren
Variar,Variares,Variar,Variarmos,Variardes,Variaren
Executar,Executares,Executar,Executarmos,Executardes,Executaren
Mentir,Mentires,Mentir,Mentirmos,Mentirdes,Mentiren
Reflexionar,Reflexionares,Reflexionar,Reflexionarmos,Reflexionardes,Reflexionaren
Combater,Combateres,Combater,Combatermos,Combaterdes,Combateren
Consolidar,Consolidares,Consolidar,Consolidarmos,Consolidardes,Consolidaren
Resumir,Resumires,Resumir,Resumirmos,Resumirdes,Resumiren
Residir,Residires,Residir,Residirmos,Residirdes,Residiren
Cear,Ceares,Cear,Cearmos,Ceardes,Cearen
Fallar,Fallares,Fallar,Fallarmos,Fallardes,Fallaren
Afogar,Afogares,Afogar,Afogarmos,Afogardes,Afogaren
Beneficiar,Beneficiares,Beneficiar,Beneficiarmos,Beneficiardes,Beneficiaren
Rezar,Rezares,Rezar,Rezarmos,Rezardes,Rezaren
Fabricar,Fabricares,Fabricar,Fabricarmos,Fabricardes,Fabricaren
Pisar,Pisares,Pisar,Pisarmos,Pisardes,Pisaren
Falecer,Faleceres,Falecer,Falecermos,Falecerdes,Faleceren
Rachar,Rachares,Rachar,Racharmos,Rachardes,Racharen
Arder,Arderes,Arder,Ardermos,Arderdes,Arderen
Asustar,Asustares,Asustar,Asustarmos,Asustardes,Asustaren
Circular,Circulares,Circular,Circularmos,Circulardes,Circularen
Adiviñar,Adiviñares,Adiviñar,Adiviñarmos,Adiviñardes,Adiviñaren
Titular,Titulares,Titular,Titularmos,Titulardes,Titularen
Frear,Freares,Frear,Frearmos,Freardes,Frearen
Competir,Competires,Competir,Competirmos,Competirdes,Competiren
Asentar,Asentares,Asentar,Asentarmos,Asentardes,Asentaren
Solucionar,Solucionares,Solucionar,Solucionarmos,Solucionardes,Solucionaren
Xurar,Xurares,Xurar,Xurarmos,Xurardes,Xuraren
Protestar,Protestares,Protestar,Protestarmos,Protestardes,Protestaren
Mencionar,Mencionares,Mencionar,Mencionarmos,Mencionardes,Mencionaren
Inspirar,Inspirares,Inspirar,Inspirarmos,Inspirardes,Inspiraren
Penetrar,Penetrares,Penetrar,Penetrarmos,Penetrardes,Penetraren
Mergullar,Mergullares,Mergullar,Mergullarmos,Mergullardes,Mergullaren
Fitar,Fitares,Fitar,Fitarmos,Fitardes,Fitaren
Transcorrer,Transcorreres,Transcorrer,Transcorrermos,Transcorrerdes,Transcorreren
Suspender,Suspenderes,Suspender,Suspendermos,Suspenderdes,Suspenderen
Relatar,Relatares,Relatar,Relatarmos,Relatardes,Relataren
Aspirar,Aspirares,Aspirar,Aspirarmos,Aspirardes,Aspiraren
Desprender,Desprenderes,Desprender,Desprendermos,Desprenderdes,Desprenderen
Regalar,Regalares,Regalar,Regalarmos,Regalardes,Regalaren
Albiscar,Albiscares,Albiscar,Albiscarmos,Albiscardes,Albiscaren
Navegar,Navegares,Navegar,Navegarmos,Navegardes,Navegaren
Queixar,Queixares,Queixar,Queixarmos,Queixardes,Queixaren
Pescar,Pescares,Pescar,Pescarmos,Pescardes,Pescaren
Difundir,Difundires,Difundir,Difundirmos,Difundirdes,Difundiren
Potenciar,Potenciares,Potenciar,Potenciarmos,Potenciardes,Potenciaren
Reivindicar,Reivindicares,Reivindicar,Reivindicarmos,Reivindicardes,Reivindicaren
Cuestionar,Cuestionares,Cuestionar,Cuestionarmos,Cuestionardes,Cuestionaren
Liderar,Liderares,Liderar,Liderarmos,Liderardes,Lideraren
Emprender,Emprenderes,Emprender,Emprendermos,Emprenderdes,Emprenderen
Descender,Descenderes,Descender,Descendermos,Descenderdes,Descenderen
Aconsellar,Aconsellares,Aconsellar,Aconsellarmos,Aconsellardes,Aconsellaren
Render,Renderes,Render,Rendermos,Renderdes,Renderen
Derrubar,Derrubares,Derrubar,Derrubarmos,Derrubardes,Derrubaren
Combinar,Combinares,Combinar,Combinarmos,Combinardes,Combinaren
Impartir,Impartires,Impartir,Impartirmos,Impartirdes,Impartiren
Aportar,Aportares,Aportar,Aportarmos,Aportardes,Aportaren
Comportar,Comportares,Comportar,Comportarmos,Comportardes,Comportaren
Debater,Debateres,Debater,Debatermos,Debaterdes,Debateren
Comenzar,Comenzares,Comenzar,Comenzarmos,Comenzardes,Comenzaren
Avaliar,Avaliares,Avaliar,Avaliarmos,Avaliardes,Avaliaren
Aforrar,Aforrares,Aforrar,Aforrarmos,Aforrardes,Aforraren
Condicionar,Condicionares,Condicionar,Condicionarmos,Condicionardes,Condicionaren
Foder,Foderes,Foder,Fodermos,Foderdes,Foderen
Disimular,Disimulares,Disimular,Disimularmos,Disimulardes,Disimularen
Iluminar,Iluminares,Iluminar,Iluminarmos,Iluminardes,Iluminaren
Descartar,Descartares,Descartar,Descartarmos,Descartardes,Descartaren
Desculpar,Desculpares,Desculpar,Desculparmos,Desculpardes,Desculparen
Finalizar,Finalizares,Finalizar,Finalizarmos,Finalizardes,Finalizaren
Acostumar,Acostumares,Acostumar,Acostumarmos,Acostumardes,Acostumaren
Premiar,Premiares,Premiar,Premiarmos,Premiardes,Premiaren
Cadrar,Cadrares,Cadrar,Cadrarmos,Cadrardes,Cadraren
Tremer,Tremeres,Tremer,Tremermos,Tremerdes,Tremeren
Restar,Restares,Restar,Restarmos,Restardes,Restaren
Suxeitar,Suxeitares,Suxeitar,Suxeitarmos,Suxeitardes,Suxeitaren
Concibir,Concibires,Concibir,Concibirmos,Concibirdes,Concibiren
Cravar,Cravares,Cravar,Cravarmos,Cravardes,Cravaren
Forzar,Forzares,Forzar,Forzarmos,Forzardes,Forzaren
Exclamar,Exclamares,Exclamar,Exclamarmos,Exclamardes,Exclamaren
Pillar,Pillares,Pillar,Pillarmos,Pillardes,Pillaren
Anotar,Anotares,Anotar,Anotarmos,Anotardes,Anotaren
Encamiñar,Encamiñares,Encamiñar,Encamiñarmos,Encamiñardes,Encamiñaren
Intuír,Intuíres,Intuír,Intuírmos,Intuírdes,Intuíren
Invadir,Invadires,Invadir,Invadirmos,Invadirdes,Invadiren
Multiplicar,Multiplicares,Multiplicar,Multiplicarmos,Multiplicardes,Multiplicaren
Obedecer,Obedeceres,Obedecer,Obedecermos,Obedecerdes,Obedeceren
Orixinar,Orixinares,Orixinar,Orixinarmos,Orixinardes,Orixinaren
Depositar,Depositares,Depositar,Depositarmos,Depositardes,Depositaren
Argumentar,Argumentares,Argumentar,Argumentarmos,Argumentardes,Argumentaren
Proclamar,Proclamares,Proclamar,Proclamarmos,Proclamardes,Proclamaren
Proseguir,Proseguires,Proseguir,Proseguirmos,Proseguirdes,Proseguiren
Reiterar,Reiterares,Reiterar,Reiterarmos,Reiterardes,Reiteraren
Admirar,Admirares,Admirar,Admirarmos,Admirardes,Admiraren
Acumular,Acumulares,Acumular,Acumularmos,Acumulardes,Acumularen
Encabezar,Encabezares,Encabezar,Encabezarmos,Encabezardes,Encabezaren
Diferenciar,Diferenciares,Diferenciar,Diferenciarmos,Diferenciardes,Diferenciaren
Retomar,Retomares,Retomar,Retomarmos,Retomardes,Retomaren
Aproximar,Aproximares,Aproximar,Aproximarmos,Aproximardes,Aproximaren
Concretar,Concretares,Concretar,Concretarmos,Concretardes,Concretaren
Agregar,Agregares,Agregar,Agregarmos,Agregardes,Agregaren
Axustar,Axustares,Axustar,Axustarmos,Axustardes,Axustaren
Acariñar,Acariñares,Acariñar,Acariñarmos,Acariñardes,Acariñaren
Brillar,Brillares,Brillar,Brillarmos,Brillardes,Brillaren
Autorizar,Autorizares,Autorizar,Autorizarmos,Autorizardes,Autorizaren
Expulsar,Expulsares,Expulsar,Expulsarmos,Expulsardes,Expulsaren
Retornar,Retornares,Retornar,Retornarmos,Retornardes,Retornaren
Imitar,Imitares,Imitar,Imitarmos,Imitardes,Imitaren
Alertar,Alertares,Alertar,Alertarmos,Alertardes,Alertaren
Esconder,Esconderes,Esconder,Escondermos,Esconderdes,Esconderen
Esgotar,Esgotares,Esgotar,Esgotarmos,Esgotardes,Esgotaren
Reservar,Reservares,Reservar,Reservarmos,Reservardes,Reservaren
Resaltar,Resaltares,Resaltar,Resaltarmos,Resaltardes,Resaltaren
Prolongar,Prolongares,Prolongar,Prolongarmos,Prolongardes,Prolongaren
Captar,Captares,Captar,Captarmos,Captardes,Captaren
Transportar,Transportares,Transportar,Transportarmos,Transportardes,Transportaren
Atinxir,Atinxires,Atinxir,Atinxirmos,Atinxirdes,Atinxiren
Encaixar,Encaixares,Encaixar,Encaixarmos,Encaixardes,Encaixaren
Propiciar,Propiciares,Propiciar,Propiciarmos,Propiciardes,Propiciaren
Descargar,Descargares,Descargar,Descargarmos,Descargardes,Descargaren
Matinar,Matinares,Matinar,Matinarmos,Matinardes,Matinaren
Programar,Programares,Programar,Programarmos,Programardes,Programaren
Corrixir,Corrixires,Corrixir,Corrixirmos,Corrixirdes,Corrixiren
Alterar,Alterares,Alterar,Alterarmos,Alterardes,Alteraren
Disputar,Disputares,Disputar,Disputarmos,Disputardes,Disputaren
Impuxer,Impuxeres,Impuxer,Impuxermos,Impuxerdes,Impuxeren
Examinar,Examinares,Examinar,Examinarmos,Examinardes,Examinaren
Convivir,Convivires,Convivir,Convivirmos,Convivirdes,Conviviren
Fiar,Fiares,Fiar,Fiarmos,Fiardes,Fiaren
Apurar,Apurares,Apurar,Apurarmos,Apurardes,Apuraren
Apañar,Apañares,Apañar,Apañarmos,Apañardes,Apañaren
Aludir,Aludires,Aludir,Aludirmos,Aludirdes,Aludiren
Abranguer,Abrangueres,Abranguer,Abranguermos,Abranguerdes,Abrangueren
Espetar,Espetares,Espetar,Espetarmos,Espetardes,Espetaren
Quentar,Quentares,Quentar,Quentarmos,Quentardes,Quentaren
Renovar,Renovares,Renovar,Renovarmos,Renovardes,Renovaren
Acreditar,Acreditares,Acreditar,Acreditarmos,Acreditardes,Acreditaren
Rescatar,Rescatares,Rescatar,Rescatarmos,Rescatardes,Rescataren
Empurrar,Empurrares,Empurrar,Empurrarmos,Empurrardes,Empurraren
Cultivar,Cultivares,Cultivar,Cultivarmos,Cultivardes,Cultivaren
Configurar,Configurares,Configurar,Configurarmos,Configurardes,Configuraren
Repasar,Repasares,Repasar,Repasarmos,Repasardes,Repasaren
Rexer,Rexeres,Rexer,Rexermos,Rexerdes,Rexeren
Borrar,Borrares,Borrar,Borrarmos,Borrardes,Borraren
Compensar,Compensares,Compensar,Compensarmos,Compensardes,Compensaren
Motivar,Motivares,Motivar,Motivarmos,Motivardes,Motivaren
Ferir,Ferires,Ferir,Ferirmos,Ferirdes,Feriren
Estragar,Estragares,Estragar,Estragarmos,Estragardes,Estragaren
Trocar,Trocares,Trocar,Trocarmos,Trocardes,Trocaren
Odiar,Odiares,Odiar,Odiarmos,Odiardes,Odiaren
Narrar,Narrares,Narrar,Narrarmos,Narrardes,Narraren
Afondar,Afondares,Afondar,Afondarmos,Afondardes,Afondaren
Esvarar,Esvarares,Esvarar,Esvararmos,Esvarardes,Esvararen
Teimar,Teimares,Teimar,Teimarmos,Teimardes,Teimaren
Satisfixer,Satisfixeres,Satisfixer,Satisfixermos,Satisfixerdes,Satisfixeren
Arredar,Arredares,Arredar,Arredarmos,Arredardes,Arredaren
Desvelar,Desvelares,Desvelar,Desvelarmos,Desvelardes,Desvelaren
Extraer,Extraeres,Extraer,Extraermos,Extraerdes,Extraeren
Trazar,Trazares,Trazar,Trazarmos,Trazardes,Trazaren
Ceibar,Ceibares,Ceibar,Ceibarmos,Ceibardes,Ceibaren
Acertar,Acertares,Acertar,Acertarmos,Acertardes,Acertaren
Paralizar,Paralizares,Paralizar,Paralizarmos,Paralizardes,Paralizaren
Atrapar,Atrapares,Atrapar,Atraparmos,Atrapardes,Atraparen
Mollar,Mollares,Mollar,Mollarmos,Mollardes,Mollaren
Ferver,Ferveres,Ferver,Fervermos,Ferverdes,Ferveren
Lucir,Lucires,Lucir,Lucirmos,Lucirdes,Luciren
Sobrar,Sobrares,Sobrar,Sobrarmos,Sobrardes,Sobraren
Desempeñar,Desempeñares,Desempeñar,Desempeñarmos,Desempeñardes,Desempeñaren
Deducir,Deducires,Deducir,Deducirmos,Deducirdes,Deduciren
Portar,Portares,Portar,Portarmos,Portardes,Portaren
Tragar,Tragares,Tragar,Tragarmos,Tragardes,Tragaren
Amolar,Amolares,Amolar,Amolarmos,Amolardes,Amolaren
Dobrar,Dobrares,Dobrar,Dobrarmos,Dobrardes,Dobraren
Cesar,Cesares,Cesar,Cesarmos,Cesardes,Cesaren
Embarcar,Embarcares,Embarcar,Embarcarmos,Embarcardes,Embarcaren
Contrastar,Contrastares,Contrastar,Contrastarmos,Contrastardes,Contrastaren
Excluír,Excluíres,Excluír,Excluírmos,Excluírdes,Excluíren
Guindar,Guindares,Guindar,Guindarmos,Guindardes,Guindaren
Cansar,Cansares,Cansar,Cansarmos,Cansardes,Cansaren
Acelerar,Acelerares,Acelerar,Acelerarmos,Acelerardes,Aceleraren
Opuxer,Opuxeres,Opuxer,Opuxermos,Opuxerdes,Opuxeren
Reter,Reteres,Reter,Retermos,Reterdes,Reteren
Cociñar,Cociñares,Cociñar,Cociñarmos,Cociñardes,Cociñaren
Matizar,Matizares,Matizar,Matizarmos,Matizardes,Matizaren
Exhibir,Exhibires,Exhibir,Exhibirmos,Exhibirdes,Exhibiren
Pelexar,Pelexares,Pelexar,Pelexarmos,Pelexardes,Pelexaren
Vencellar,Vencellares,Vencellar,Vencellarmos,Vencellardes,Vencellaren
Encerrar,Encerrares,Encerrar,Encerrarmos,Encerrardes,Encerraren
Empeñar,Empeñares,Empeñar,Empeñarmos,Empeñardes,Empeñaren
Coordinar,Coordinares,Coordinar,Coordinarmos,Coordinardes,Coordinaren
Picar,Picares,Picar,Picarmos,Picardes,Picaren
Castigar,Castigares,Castigar,Castigarmos,Castigardes,Castigaren
Cerrar,Cerrares,Cerrar,Cerrarmos,Cerrardes,Cerraren
Golpear,Golpeares,Golpear,Golpearmos,Golpeardes,Golpearen
Entrevistar,Entrevistares,Entrevistar,Entrevistarmos,Entrevistardes,Entrevistaren
Parir,Parires,Parir,Parirmos,Parirdes,Pariren
Herdar,Herdares,Herdar,Herdarmos,Herdardes,Herdaren
Explotar,Explotares,Explotar,Explotarmos,Explotardes,Explotaren
Cocer,Coceres,Cocer,Cocermos,Cocerdes,Coceren
Provir,Provires,Provir,Provirmos,Provirdes,Proviren
Agrupar,Agrupares,Agrupar,Agruparmos,Agrupardes,Agruparen
Encantar,Encantares,Encantar,Encantarmos,Encantardes,Encantaren
Clasificar,Clasificares,Clasificar,Clasificarmos,Clasificardes,Clasificaren
Redactar,Redactares,Redactar,Redactarmos,Redactardes,Redactaren
Designar,Designares,Designar,Designarmos,Designardes,Designaren
Xantar,Xantares,Xantar,Xantarmos,Xantardes,Xantaren
Instar,Instares,Instar,Instarmos,Instardes,Instaren
Sentenciar,Sentenciares,Sentenciar,Sentenciarmos,Sentenciardes,Sentenciaren
Demorar,Demorares,Demorar,Demorarmos,Demorardes,Demoraren
Rodar,Rodares,Rodar,Rodarmos,Rodardes,Rodaren
Secar,Secares,Secar,Secarmos,Secardes,Secaren
Posibilitar,Posibilitares,Posibilitar,Posibilitarmos,Posibilitardes,Posibilitaren
Ateigar,Ateigares,Ateigar,Ateigarmos,Ateigardes,Ateigaren
Plantar,Plantares,Plantar,Plantarmos,Plantardes,Plantaren
Presumir,Presumires,Presumir,Presumirmos,Presumirdes,Presumiren
Alegrar,Alegrares,Alegrar,Alegrarmos,Alegrardes,Alegraren
Evidenciar,Evidenciares,Evidenciar,Evidenciarmos,Evidenciardes,Evidenciaren
Ocasionar,Ocasionares,Ocasionar,Ocasionarmos,Ocasionardes,Ocasionaren
Bastar,Bastares,Bastar,Bastarmos,Bastardes,Bastaren
Radicar,Radicares,Radicar,Radicarmos,Radicardes,Radicaren
Evolucionar,Evolucionares,Evolucionar,Evolucionarmos,Evolucionardes,Evolucionaren
Estoupar,Estoupares,Estoupar,Estouparmos,Estoupardes,Estouparen
Tranquilizar,Tranquilizares,Tranquilizar,Tranquilizarmos,Tranquilizardes,Tranquilizaren
Acougar,Acougares,Acougar,Acougarmos,Acougardes,Acougaren
Amañar,Amañares,Amañar,Amañarmos,Amañardes,Amañaren
Capturar,Capturares,Capturar,Capturarmos,Capturardes,Capturaren
Sementar,Sementares,Sementar,Sementarmos,Sementardes,Sementaren
Desviar,Desviares,Desviar,Desviarmos,Desviardes,Desviaren
Conquistar,Conquistares,Conquistar,Conquistarmos,Conquistardes,Conquistaren
Equivocar,Equivocares,Equivocar,Equivocarmos,Equivocardes,Equivocaren
Aparcar,Aparcares,Aparcar,Aparcarmos,Aparcardes,Aparcaren
Apetecer,Apeteceres,Apetecer,Apetecermos,Apetecerdes,Apeteceren
Consentir,Consentires,Consentir,Consentirmos,Consentirdes,Consentiren
Ratificar,Ratificares,Ratificar,Ratificarmos,Ratificardes,Ratificaren
Esforzar,Esforzares,Esforzar,Esforzarmos,Esforzardes,Esforzaren
Murmurar,Murmurares,Murmurar,Murmurarmos,Murmurardes,Murmuraren
Recitar,Recitares,Recitar,Recitarmos,Recitardes,Recitaren
Agromar,Agromares,Agromar,Agromarmos,Agromardes,Agromaren
Disfrutar,Disfrutares,Disfrutar,Disfrutarmos,Disfrutardes,Disfrutaren
Principiar,Principiares,Principiar,Principiarmos,Principiardes,Principiaren
Enmarcar,Enmarcares,Enmarcar,Enmarcarmos,Enmarcardes,Enmarcaren
Absorber,Absorberes,Absorber,Absorbermos,Absorberdes,Absorberen
Alzar,Alzares,Alzar,Alzarmos,Alzardes,Alzaren
Educar,Educares,Educar,Educarmos,Educardes,Educaren
Arriscar,Arriscares,Arriscar,Arriscarmos,Arriscardes,Arriscaren
Pregar,Pregares,Pregar,Pregarmos,Pregardes,Pregaren
Fechar,Fechares,Fechar,Fecharmos,Fechardes,Fecharen
Implantar,Implantares,Implantar,Implantarmos,Implantardes,Implantaren
Sacudir,Sacudires,Sacudir,Sacudirmos,Sacudirdes,Sacudiren
Arrimar,Arrimares,Arrimar,Arrimarmos,Arrimardes,Arrimaren
Esmagar,Esmagares,Esmagar,Esmagarmos,Esmagardes,Esmagaren
Acomodar,Acomodares,Acomodar,Acomodarmos,Acomodardes,Acomodaren
Dificultar,Dificultares,Dificultar,Dificultarmos,Dificultardes,Dificultaren
Emigrar,Emigrares,Emigrar,Emigrarmos,Emigrardes,Emigraren
Traspasar,Traspasares,Traspasar,Traspasarmos,Traspasardes,Traspasaren
Amparar,Amparares,Amparar,Ampararmos,Amparardes,Ampararen
Verter,Verteres,Verter,Vertermos,Verterdes,Verteren
Despregar,Despregares,Despregar,Despregarmos,Despregardes,Despregaren
Contaminar,Contaminares,Contaminar,Contaminarmos,Contaminardes,Contaminaren
Inclinar,Inclinares,Inclinar,Inclinarmos,Inclinardes,Inclinaren
Suscitar,Suscitares,Suscitar,Suscitarmos,Suscitardes,Suscitaren
Inscribir,Inscribires,Inscribir,Inscribirmos,Inscribirdes,Inscribiren
Complementar,Complementares,Complementar,Complementarmos,Complementardes,Complementaren
Propuxer,Propuxeres,Propuxer,Propuxermos,Propuxerdes,Propuxeren
Interrogar,Interrogares,Interrogar,Interrogarmos,Interrogardes,Interrogaren
Suspirar,Suspirares,Suspirar,Suspirarmos,Suspirardes,Suspiraren
Inzar,Inzares,Inzar,Inzarmos,Inzardes,Inzaren
Calmar,Calmares,Calmar,Calmarmos,Calmardes,Calmaren
Cavilar,Cavilares,Cavilar,Cavilarmos,Cavilardes,Cavilaren
Premer,Premeres,Premer,Premermos,Premerdes,Premeren
Estimular,Estimulares,Estimular,Estimularmos,Estimulardes,Estimularen
Encoller,Encolleres,Encoller,Encollermos,Encollerdes,Encolleren
Aliviar,Aliviares,Aliviar,Aliviarmos,Aliviardes,Aliviaren
Explorar,Explorares,Explorar,Explorarmos,Explorardes,Exploraren
Topar,Topares,Topar,Toparmos,Topardes,Toparen
Anular,Anulares,Anular,Anularmos,Anulardes,Anularen
Rozar,Rozares,Rozar,Rozarmos,Rozardes,Rozaren
Fundir,Fundires,Fundir,Fundirmos,Fundirdes,Fundiren
Gostar,Gostares,Gostar,Gostarmos,Gostardes,Gostaren
Activar,Activares,Activar,Activarmos,Activardes,Activaren
Convertir,Convertires,Convertir,Convertirmos,Convertirdes,Convertiren
Cagar,Cagares,Cagar,Cagarmos,Cagardes,Cagaren
Fracasar,Fracasares,Fracasar,Fracasarmos,Fracasardes,Fracasaren
Pactar,Pactares,Pactar,Pactarmos,Pactardes,Pactaren
Aplaudir,Aplaudires,Aplaudir,Aplaudirmos,Aplaudirdes,Aplaudiren
Avogar,Avogares,Avogar,Avogarmos,Avogardes,Avogaren
Laiar,Laiares,Laiar,Laiarmos,Laiardes,Laiaren
Asignar,Asignares,Asignar,Asignarmos,Asignardes,Asignaren
Divertir,Divertires,Divertir,Divertirmos,Divertirdes,Divertiren
Comercializar,Comercializares,Comercializar,Comercializarmos,Comercializardes,Comercializaren
Rebaixar,Rebaixares,Rebaixar,Rebaixarmos,Rebaixardes,Rebaixaren
Comparecer,Compareceres,Comparecer,Comparecermos,Comparecerdes,Compareceren
Amorear,Amoreares,Amorear,Amorearmos,Amoreardes,Amorearen
Fornecer,Forneceres,Fornecer,Fornecermos,Fornecerdes,Forneceren
Artellar,Artellares,Artellar,Artellarmos,Artellardes,Artellaren
Intercambiar,Intercambiares,Intercambiar,Intercambiarmos,Intercambiardes,Intercambiaren
Entreter,Entreteres,Entreter,Entretermos,Entreterdes,Entreteren
Preceder,Precederes,Preceder,Precedermos,Precederdes,Precederen
Triunfar,Triunfares,Triunfar,Triunfarmos,Triunfardes,Triunfaren
Esmorecer,Esmoreceres,Esmorecer,Esmorecermos,Esmorecerdes,Esmoreceren
Morder,Morderes,Morder,Mordermos,Morderdes,Morderen
Enriquecer,Enriqueceres,Enriquecer,Enriquecermos,Enriquecerdes,Enriqueceren
Argallar,Argallares,Argallar,Argallarmos,Argallardes,Argallaren
Acometer,Acometeres,Acometer,Acometermos,Acometerdes,Acometeren
Albergar,Albergares,Albergar,Albergarmos,Albergardes,Albergaren
Desconfiar,Desconfiares,Desconfiar,Desconfiarmos,Desconfiardes,Desconfiaren
Tecer,Teceres,Tecer,Tecermos,Tecerdes,Teceren
Chocar,Chocares,Chocar,Chocarmos,Chocardes,Chocaren
Estear,Esteares,Estear,Estearmos,Esteardes,Estearen
Vexar,Vexares,Vexar,Vexarmos,Vexardes,Vexaren
Almacenar,Almacenares,Almacenar,Almacenarmos,Almacenardes,Almacenaren
Desbotar,Desbotares,Desbotar,Desbotarmos,Desbotardes,Desbotaren
Manipular,Manipulares,Manipular,Manipularmos,Manipulardes,Manipularen
Cuspir,Cuspires,Cuspir,Cuspirmos,Cuspirdes,Cuspiren
Reconstruír,Reconstruíres,Reconstruír,Reconstruírmos,Reconstruírdes,Reconstruíren
Previr,Previres,Previr,Previrmos,Previrdes,Previren
Remontar,Remontares,Remontar,Remontarmos,Remontardes,Remontaren
Replicar,Replicares,Replicar,Replicarmos,Replicardes,Replicaren
Alentar,Alentares,Alentar,Alentarmos,Alentardes,Alentaren
Imprimir,Imprimires,Imprimir,Imprimirmos,Imprimirdes,Imprimiren
Bautizar,Bautizares,Bautizar,Bautizarmos,Bautizardes,Bautizaren
Disfrazar,Disfrazares,Disfrazar,Disfrazarmos,Disfrazardes,Disfrazaren
Especializar,Especializares,Especializar,Especializarmos,Especializardes,Especializaren
Plantexar,Plantexares,Plantexar,Plantexarmos,Plantexardes,Plantexaren
Conversar,Conversares,Conversar,Conversarmos,Conversardes,Conversaren
Avalar,Avalares,Avalar,Avalarmos,Avalardes,Avalaren
Despexar,Despexares,Despexar,Despexarmos,Despexardes,Despexaren
Recortar,Recortares,Recortar,Recortarmos,Recortardes,Recortaren
Baleirar,Baleirares,Baleirar,Baleirarmos,Baleirardes,Baleiraren
Fregar,Fregares,Fregar,Fregarmos,Fregardes,Fregaren
Evocar,Evocares,Evocar,Evocarmos,Evocardes,Evocaren
Retratar,Retratares,Retratar,Retratarmos,Retratardes,Retrataren
Lamber,Lamberes,Lamber,Lambermos,Lamberdes,Lamberen
Arrodear,Arrodeares,Arrodear,Arrodearmos,Arrodeardes,Arrodearen
Suprimir,Suprimires,Suprimir,Suprimirmos,Suprimirdes,Suprimiren
Expuxer,Expuxeres,Expuxer,Expuxermos,Expuxerdes,Expuxeren
Impresionar,Impresionares,Impresionar,Impresionarmos,Impresionardes,Impresionaren
Nadar,Nadares,Nadar,Nadarmos,Nadardes,Nadaren
Ilustrar,Ilustrares,Ilustrar,Ilustrarmos,Ilustrardes,Ilustraren
Recalcar,Recalcares,Recalcar,Recalcarmos,Recalcardes,Recalcaren
Liscar,Liscares,Liscar,Liscarmos,Liscardes,Liscaren
Axitar,Axitares,Axitar,Axitarmos,Axitardes,Axitaren
Planificar,Planificares,Planificar,Planificarmos,Planificardes,Planificaren
Poboar,Poboares,Poboar,Poboarmos,Poboardes,Poboaren
Rebentar,Rebentares,Rebentar,Rebentarmos,Rebentardes,Rebentaren
Coar,Coares,Coar,Coarmos,Coardes,Coaren
Prescindir,Prescindires,Prescindir,Prescindirmos,Prescindirdes,Prescindiren
Abanear,Abaneares,Abanear,Abanearmos,Abaneardes,Abanearen
Cazar,Cazares,Cazar,Cazarmos,Cazardes,Cazaren
Desfrutar,Desfrutares,Desfrutar,Desfrutarmos,Desfrutardes,Desfrutaren
Brincar,Brincares,Brincar,Brincarmos,Brincardes,Brincaren
Firmar,Firmares,Firmar,Firmarmos,Firmardes,Firmaren
Enredar,Enredares,Enredar,Enredarmos,Enredardes,Enredaren
Imputar,Imputares,Imputar,Imputarmos,Imputardes,Imputaren
Velar,Velares,Velar,Velarmos,Velardes,Velaren
Estirar,Estirares,Estirar,Estirarmos,Estirardes,Estiraren
Almorzar,Almorzares,Almorzar,Almorzarmos,Almorzardes,Almorzaren
Fundamentar,Fundamentares,Fundamentar,Fundamentarmos,Fundamentardes,Fundamentaren
Arrancar,Arrancares,Arrancar,Arrancarmos,Arrancardes,Arrancaren
Disolver,Disolveres,Disolver,Disolvermos,Disolverdes,Disolveren
Mobilizar,Mobilizares,Mobilizar,Mobilizarmos,Mobilizardes,Mobilizaren
Suar,Suares,Suar,Suarmos,Suardes,Suaren
Devorar,Devorares,Devorar,Devorarmos,Devorardes,Devoraren
Alugar,Alugares,Alugar,Alugarmos,Alugardes,Alugaren
Soprar,Soprares,Soprar,Soprarmos,Soprardes,Sopraren
Complicar,Complicares,Complicar,Complicarmos,Complicardes,Complicaren
Furar,Furares,Furar,Furarmos,Furardes,Furaren
Turrar,Turrares,Turrar,Turrarmos,Turrardes,Turraren
Espir,Espires,Espir,Espirmos,Espirdes,Espiren
Refuxiar,Refuxiares,Refuxiar,Refuxiarmos,Refuxiardes,Refuxiaren
Bañar,Bañares,Bañar,Bañarmos,Bañardes,Bañaren
Adestrar,Adestrares,Adestrar,Adestrarmos,Adestrardes,Adestraren
Inducir,Inducires,Inducir,Inducirmos,Inducirdes,Induciren
Alegar,Alegares,Alegar,Alegarmos,Alegardes,Alegaren
Rosmar,Rosmares,Rosmar,Rosmarmos,Rosmardes,Rosmaren
Prexudicar,Prexudicares,Prexudicar,Prexudicarmos,Prexudicardes,Prexudicaren
Administrar,Administrares,Administrar,Administrarmos,Administrardes,Administraren
Estabelecer,Estabeleceres,Estabelecer,Estabelecermos,Estabelecerdes,Estabeleceren
Emerxer,Emerxeres,Emerxer,Emerxermos,Emerxerdes,Emerxeren
Tropezar,Tropezares,Tropezar,Tropezarmos,Tropezardes,Tropezaren
Desembocar,Desembocares,Desembocar,Desembocarmos,Desembocardes,Desembocaren
Concorrer,Concorreres,Concorrer,Concorrermos,Concorrerdes,Concorreren
Alumear,Alumeares,Alumear,Alumearmos,Alumeardes,Alumearen
Asaltar,Asaltares,Asaltar,Asaltarmos,Asaltardes,Asaltaren
Empuxar,Empuxares,Empuxar,Empuxarmos,Empuxardes,Empuxaren
Illar,Illares,Illar,Illarmos,Illardes,Illaren
Mancar,Mancares,Mancar,Mancarmos,Mancardes,Mancaren
Recrear,Recreares,Recrear,Recrearmos,Recreardes,Recrearen
Apelar,Apelares,Apelar,Apelarmos,Apelardes,Apelaren
Alongar,Alongares,Alongar,Alongarmos,Alongardes,Alongaren
Bulir,Bulires,Bulir,Bulirmos,Bulirdes,Buliren
Ofertar,Ofertares,Ofertar,Ofertarmos,Ofertardes,Ofertaren
Reinar,Reinares,Reinar,Reinarmos,Reinardes,Reinaren
Arrepentir,Arrepentires,Arrepentir,Arrepentirmos,Arrepentirdes,Arrepentiren
Desprezar,Desprezares,Desprezar,Desprezarmos,Desprezardes,Desprezaren
Brindar,Brindares,Brindar,Brindarmos,Brindardes,Brindaren
Precipitar,Precipitares,Precipitar,Precipitarmos,Precipitardes,Precipitaren
Asimilar,Asimilares,Asimilar,Asimilarmos,Asimilardes,Asimilaren
Sumir,Sumires,Sumir,Sumirmos,Sumirdes,Sumiren
Preservar,Preservares,Preservar,Preservarmos,Preservardes,Preservaren
Mexar,Mexares,Mexar,Mexarmos,Mexardes,Mexaren
Respostar,Respostares,Respostar,Respostarmos,Respostardes,Respostaren
Presentir,Presentires,Presentir,Presentirmos,Presentirdes,Presentiren
Burlar,Burlares,Burlar,Burlarmos,Burlardes,Burlaren
Coser,Coseres,Coser,Cosermos,Coserdes,Coseren
Inserir,Inserires,Inserir,Inserirmos,Inserirdes,Inseriren
Sustentar,Sustentares,Sustentar,Sustentarmos,Sustentardes,Sustentaren
Acercar,Acercares,Acercar,Acercarmos,Acercardes,Acercaren